category,hub,business,rating,review_count,phone,website,address,review_snippet
Turnover Cleaning Services,Stroudsburg PA,Trusted Cleaning Services,4.9,,(272) 201-9821,http://trustedcleaningservicespa.com,"9
House cleaning service",
Turnover Cleaning Services,Stroudsburg PA,Turnover Queens,,,(272) 777-1362,http://turnoverqueenspa.com,,
Turnover Cleaning Services,East Stroudsburg PA,Home4UCleaning LLC,4.9,40,(973) 980-6699,http://home4ucleaning.com,6 AM Sun   (973) 980-6699,They came out to clean our office and did an absolute phenomenal job.
Turnover Cleaning Services,East Stroudsburg PA,Maid 2 Clean,4.6,380,(570) 588-8944,http://maid2cleanpa.com/house-cleaning-maid-services-in-east-stroudsburg-pa/,2 Clean,The cleaners arrived on time and did thorough work.
Turnover Cleaning Services,East Stroudsburg PA,Turnover Titans Cleaning Co.,4.8,17,(610) 572-4770,http://turnovertitans.com,8 AM Sun   (610) 572-4770,"Very happy with the cleaning provided, does an immaculate job."
Turnover Cleaning Services,East Stroudsburg PA,Poconos Hoodcleaning,4.5,33,(570) 982-2626,http://poconoshoods.com/hood-cleaning-services/,131 N 9th St,"They were professional, and did a fantastic job cleaning our hood ."
Turnover Cleaning Services,East Stroudsburg PA,Merry Maids of the Poconos,4.3,55,(570) 227-3243,http://merrymaids.com/home-cleaners-stroudsburg-pa,884 Rte 115,They did a great job in doing a Deep cleaning
Turnover Cleaning Services,Jim Thorpe PA,"Clean as a Whistle Cleaning and Handyman Services, LLC",5.0,14,(272) 342-5006,http://local.yahoo.com/info-240247062-clean-as-a-whistle-jim-thorpe/,24 hours   (272) 342-5006,Erica did a fantastic job cleaning our home.
Turnover Cleaning Services,Jim Thorpe PA,Keeping Cleaning Service LLC,5.0,5,,http://www.chamberofcommerce.com/business-directory/pennsylvania/lehighton/commercial-cleaning-service/2027285232-keeping-cleaning-service-llc,665 Interchange Rd,Best Cleaning Service!
Turnover Cleaning Services,Jim Thorpe PA,Sue cleaning services,5.0,2,,http://cleaningservicesby0.wixsite.com/sue-cleaning-service,245 E Abbott St,
Turnover Cleaning Services,Jim Thorpe PA,Turnover Cleaning Pros,4.9,17,(732) 703-6101,http://www.turnovercleaningservices.com,8 AM Sun   (732) 703-6101,Turnover Cleaning Pros is top notch!
Turnover Cleaning Services,Jim Thorpe PA,Jim thorpe window cleaning,5.0,2,(610) 554-3755,http://pennsylvaniadb.com/company/3709522/jim-thorpe-window-cleaning,20 Center St,I've been using Jim Thorpe Window Cleaning for five years.
Turnover Cleaning Services,Milford PA,R & R Elite Cleaning Services LLC,4.9,67,(570) 856-0973,http://www.rrelitecleaningservices.com,24 hours   (570) 856-0973,"She is friendly, professional, courteous and her cleaning is impeccable."
Turnover Cleaning Services,Milford PA,Bell's Cleaning Services,4.3,6,(845) 649-2581,http://www.bells-cleaning-services-llc.com/our-cleaning-services,129 Husson Rd,They do great quality work and they have wonderful communication!
Turnover Cleaning Services,Milford PA,Reset Co. Turnover Cleaning LLC,,,(610) 392-3602,http://www.bizapedia.com/pa/reset-co-turnover-cleaning-llc.html,6 AM Mon   (610) 392-3602,
Turnover Cleaning Services,Hawley PA,Hawley,,,,http://hawley-borough.org,"18428
Hawley PA",
Turnover Cleaning Services,Honesdale PA,STR Super Cleaners,4.8,80,(800) 583-3309,http://strsupercleaners.com,24 hours   (800) 583-3309,"The Cleaners are efficient, thorough and provide immaculate results."
Turnover Cleaning Services,Lake Ariel PA,Vetrano Cleaning Services LLC,5.0,2,(570) 483-2500,http://vetranocleaningservices.com,543 Hamlin Hwy,
Turnover Cleaning Services,Lake Ariel PA,Lake Region Pressure Washing & Exterior Cleaning,4.9,83,(570) 616-2238,http://www.lakeregionpressurewashingandexteriorcleaning.com,24 hours   (570) 616-2238,"They were reasonable priced, professional and punctual."
Turnover Cleaning Services,Bartonsville PA,Bartonsville,,,,http://monroecountypa.com/communities/bartonsville,,
Turnover Cleaning Services,Pocono Lake PA,Cleaning Poconos,5.0,3,(570) 722-4368,http://poconocleaningservices.net,353 Scotch Pine Dr,"After this experience, they are now my go-to cleaning company."
Turnover Cleaning Services,Pocono Lake PA,Pocono Cleaners | Vacation Rental Cleaning Services,5.0,27,(570) 731-8570,http://www.poconocleaners.com,7 AM Sun   (570) 731-8570,Best cleaning service ive ever had this team doesnt mess around
Turnover Cleaning Services,Pocono Lake PA,Poconos House Cleaning,4.5,50,(570) 704-3777,http://www.poconoshousecleaning.com,11 AM Sun   (570) 704-3777,Her team does an amazing job.
Turnover Cleaning Services,Pocono Lake PA,Scranton Home Cleaners,5.0,19,(570) 972-1050,http://scrantonhomecleaners.com,24 hours   (570) 972-1050,"She arrived on time, did a fantastic job!"
Turnover Cleaning Services,Albrightsville PA,Navium cleaning service,4.8,26,(631) 455-2707,http://www.bestprosintown.com/pa/albrightsville/navium-cleaning-service-/,9 AM Sun   (631) 455-2707,Excellent cleaning service.
Turnover Cleaning Services,Lake Wallenpaupack PA,Wallenpaupack Cleaning Services,4.8,21,(570) 470-4896,http://wallenpaupackcleaningservices.com,70 Circle Dr,
Turnover Cleaning Services,Lake Harmony PA,KerryClean Services LLC,3.3,11,(570) 215-0039,http://www.kerryclean.com,252 Lake Harmony Rd,
Turnover Cleaning Services,Arrowhead Lake Albrightsville PA,At Your Service Cleaning And Property Management,3.5,13,(570) 599-6092,http://www.findglocal.com/US/Albrightsville/1390219491198840/At-Your-Service-Concierge-In-The-Poconos,7 AM Sun   (570) 599-6092,I would definitely recommend this company for quality cleaning!
Turnover Cleaning Services,Arrowhead Lake Albrightsville PA,Sparkle Cleaning Co.,5.0,1,(631) 896-5179,http://sparklecleaningco.com/book-now/,,Affordable and comprehensive cleaning company.
Turnover Cleaning Services,Arrowhead Lake Albrightsville PA,Sudpro,5.0,14,(570) 579-3885,http://sudpro.com,24 hours   (570) 579-3885,The best cleaning company we have found in the area!
Turnover Cleaning Services,Bushkill Falls PA,"Mountain Top Cleaning, Landscaping & Snow Removal LLC",5.0,34,(908) 838-3868,http://nextdoor.com/pages/mountain-top-cleaning-landscaping-snow-removal-llc-bushkill-pa/,24 hours   (908) 838-3868,Our guests are beyond satisfied with the level of cleanliness and comfort.
Turnover Cleaning Services,Bushkill Falls PA,We Gotcha Cleaning Services,5.0,52,(570) 801-9750,http://powerwashmaps.com/general-cleaning/we-gotcha-cleaning-services,24 hours   (570) 801-9750,"They are super responsive, thorough, and diligent in their cleaning process."
Turnover Cleaning Services,Bushkill Falls PA,Bushkill Falls,4.6,,(570) 588-6682,http://www.visitbushkillfalls.com,138 Bushkill Falls Trail,The trails were well maintained and the location was very clean.
Turnover Cleaning Services,Shawnee on Delaware PA,Turnovers Cleaning Service LLC,5.0,14,(267) 469-4548,http://www.chamberofcommerce.com/united-states/pennsylvania/philadelphia/house-cleaning-service/1337670942-turnovers-cleaning-service-llc,24 hours   (267) 469-4548,
Turnover Cleaning Services,Shawnee on Delaware PA,CDR Cleaners,4.9,88,(267) 314-8134,http://cdrcleaners.com/delaware-county/,280 W Essex Ave,
Turnover Cleaning Services,Camelback Resort Tannersville PA,From Dust To Dawn Cleaning Service LLC,,,(570) 972-5719,http://www.chamberofcommerce.com/business-directory/pennsylvania/tannersville/house-cleaning-service/2029471191-from-dust-to-dawn-cleaning-service-llc,"611
Closed   Opens 9 AM Sun   (570) 972-5719",
Turnover Cleaning Services,Camelback Resort Tannersville PA,Rebecca's Cleaning Services,,,(570) 872-6910,http://www.chamberofcommerce.com/united-states/pennsylvania/tannersville/cleaners/39988235-rebecca-s-cleaning-services,24 hours   (570) 872-6910,
Turnover Cleaning Services,Camelback Resort Tannersville PA,Crowned Cleaning Co. - Professional Cleaning Services,5.0,22,(570) 840-0808,http://crownedcleaningco.com,3222 Evergreen Cir,"Clear communication, quick communication, good cleaning, no complaints here."
Turnover Cleaning Services,Camelback Resort Tannersville PA,Back Mountain Cleaners,5.0,5,(570) 550-0643,http://www.camelbackresort.com/resort-information,24 hours   (570) 550-0643,They are amazing cleaners!!!
Turnover Cleaning Services,Blue Mountain Ski Area Palmerton PA,"Mountain Maids Cleaning, LLC",5.0,7,(570) 778-0880,http://www.mountainmaidscleaningllc.com,7 AM Sun   (570) 778-0880,Very communicative on prices and details about the jobs.
Turnover Cleaning Services,Blue Mountain Ski Area Palmerton PA,RadujSki Cleaning,4.8,43,(610) 392-0522,http://radujski.com,9 AM Mon   (610) 392-0522,Fantastic and thorough cleaning services for a fair price.
Turnover Cleaning Services,Blue Mountain Ski Area Palmerton PA,Bright & Shiny Maid Service,,,(484) 523-8083,http://www.chamberofcommerce.com/business-directory/pennsylvania/danielsville/house-cleaning-service/2029593690-bright-shiny-maid-service,1385 Blue Mountain Dr,
Turnover Cleaning Services,Blue Mountain Ski Area Palmerton PA,Mountain Cleaning Services,4.6,11,(570) 781-5070,http://www.skibluemt.com,8 AM Sun   (570) 781-5070,"I would recommend for consistent STR cleaning, or deep cleans."
Turnover Cleaning Services,Resica Falls PA,Aardvark Cleaning Company,5.0,20,(570) 221-4388,http://aardvarkcleaningcompanypa.com,192 Chipperfield Dr,"Mike was very responsive, professional and did a great job."
Turnover Cleaning Services,Marshalls Creek PA,Dora Professional Cleaning Services,5.0,3,(484) 761-6240,http://www.doraprofessionalcleaning.com,24 hours   (484) 761-6240,My place honestly looked and smelled great when she finished.
Turnover Cleaning Services,Marshalls Creek PA,Michael's Construction Cleaning Services,4.7,3,(570) 512-8915,http://www.michels.us,24 hours   (570) 512-8915,The efficiency of Michael's Cleaning Services is worth noting.
Turnover Cleaning Services,Saw Creek Estates Bushkill PA,MBnB Concierge Cleaners,5.0,24,(570) 468-1566,http://mbnbconciergecleaners.com,9 AM Sun   (570) 468-1566,
Turnover Cleaning Services,Saw Creek Estates Bushkill PA,Pocono Country Cleaners L.L.C.,5.0,2,(570) 426-8453,http://www.poconocleaners.com,3118 Woodland Ct,
Turnover Cleaning Services,Tanglwood Lakes Greentown PA,Night/Day Cleaners,5.0,2,(570) 857-9008,http://www.findglocal.com/US/Greentown/151649088232360/Night-Day-Cleaners,134 Timber Ridge Cir,
Turnover Cleaning Services,Tanglwood Lakes Greentown PA,OHern's Cleaning Services LLC,5.0,3,(570) 580-8504,http://nextdoor.com/pages/oherns-cleaning-services-llc-tobyhanna-pa/,8 AM Sun   (570) 580-8504,"Jamie, comes once a week to clean our office."
Turnover Cleaning Services,Hemlock Farms Hawley PA,Maddison Cleaning Services,4.8,39,(272) 666-1020,http://maddisoncleaningservices.com,24 hours   (272) 666-1020,
Turnover Cleaning Services,Hemlock Farms Hawley PA,Pocono Clean Team,5.0,4,(570) 903-8820,http://www.hemlockfarms.org,24 hours   (570) 903-8820,"Couldn’t be happier, they cleaned from top to bottom, didn’t miss a spot."
Turnover Cleaning Services,Hemlock Farms Hawley PA,Roman's Cleaning Service,4.8,24,(484) 731-7471,http://www.hemlockfarms.org,30 AM Mon   (484) 731-7471,
Turnover Cleaning Services,Hemlock Farms Hawley PA,Hocus Pocus Cleaning,4.9,507,(484) 554-3218,http://hocuspocuscleaningservices.com,2844 Township Line Rd,
Turnover Cleaning Services,Pocono Ranch Lands East Stroudsburg PA,Poconos express cleaning,,,(570) 703-1460,http://poconoexpresscleaning.com,235 Washington St A,
Turnover Cleaning Services,Pocono Ranch Lands East Stroudsburg PA,K&J's Dream Clean,5.0,1,(570) 213-9158,http://www.chamberofcommerce.com/business-directory/pennsylvania/east-stroudsburg/house-cleaning-service/2031812896-k-j-s-dream-clean,9 AM Mon   (570) 213-9158,
Turnover Cleaning Services,Hideout Lake Ariel PA,Wanderlust Rentals and Cleaning Services,5.0,28,(570) 904-5996,http://wanderlustrentals.co,30 AM Sun   (570) 904-5996,
Turnover Cleaning Services,Hideout Lake Ariel PA,From Top to Bottom Carpet and Upholstery Cleaning,5.0,51,(570) 677-1111,http://www.fromtoptobottomco.com,650 The Hideout,Anthony and his son Sal did an Amazing Job and at a very fair price!
Turnover Cleaning Services,Hideout Lake Ariel PA,The Hideout,4.3,222,(570) 698-4100,N/A,37 Lakeview Dr,Clean lakes and wonderful service.
Turnover Cleaning Services,Indian Mountain Lake Lehighton PA,"SERVPRO of Carbon County, Pocono Pines",4.8,99,(610) 776-7774,N/A,1340 Interchange Rd,
Turnover Cleaning Services,Indian Mountain Lake Lehighton PA,Jalene's Cleaning Service,5.0,3,(570) 386-2739,N/A,304 Christman Rd,
Turnover Cleaning Services,Indian Mountain Lake Lehighton PA,Hilary's Cleaning Service,5.0,11,(610) 577-5286,N/A,8 AM Tue   (610) 577-5286,Hilary's Cleaning Service is THE only cleaning service you will need.
Turnover Cleaning Services,Indian Mountain Lake Lehighton PA,LEM-PRO CLEAN SOLUTIONS,,,(610) 577-5109,N/A,417 S 3rd St,
Hot Tub Maintenance service,Stroudsburg PA,Pocono Pool & Spa LLC,4.2,150,(570) 476-0888,N/A,1507 N 9th St,They are helpful and friendly and knowledgeable of their craft.
Hot Tub Maintenance service,Stroudsburg PA,Easy Pool and Spa,4.4,7,(484) 285-4846,N/A,8 AM Sun   (484) 285-4846,
Hot Tub Maintenance service,Stroudsburg PA,Pocono Hot Tub & Amenity Repair,5.0,1,(570) 856-2305,N/A,24 hours   (570) 856-2305,
Hot Tub Maintenance service,Stroudsburg PA,Aqua Leisure Pools and Spas,4.7,31,(570) 649-1059,N/A,3180 PA-611,Terry S the hot tub technician was amazing.
Hot Tub Maintenance service,Stroudsburg PA,Palmway Pools | Hot Tub & Pool Service,5.0,13,(570) 972-2495,N/A,9 AM Sun   (570) 972-2495,Technician came out fixed our pool and hot tub issue.
Hot Tub Maintenance service,East Stroudsburg PA,Poconos Hot Tub | Weekly Cleaning Service,5.0,7,(570) 678-1600,N/A,9 AM Mon   (570) 678-1600,... re my first recommendation for anyone needing hot tub services.
Hot Tub Maintenance service,Jim Thorpe PA,PDC Spa & Pool World,4.0,55,(610) 377-5637,N/A,701 Bridge St,
Hot Tub Maintenance service,Jim Thorpe PA,Mountain Friendly Spa Service,,,(570) 657-7667,N/A,24 hours   (570) 657-7667,
Hot Tub Maintenance service,Jim Thorpe PA,Spa Repair By Charles Knight,3.7,6,(610) 826-6211,N/A,9 AM Mon   (610) 826-6211,
Hot Tub Maintenance service,Jim Thorpe PA,Prime Spa Care LTD,5.0,45,(484) 646-3711,N/A,8 AM Mon   (484) 646-3711,He fixed our hot tub that’s been giving us problems in less than 2 hours.
Hot Tub Maintenance service,Jim Thorpe PA,AM Hot Tub Repair,4.9,56,(267) 362-9707,N/A,9 AM Mon   (267) 362-9707,Andrew diagnosed my issue and was able to repair the Hot Tub quickly.
Hot Tub Maintenance service,Milford PA,Hot Tub Service,4.8,108,(215) 395-6010,http://www.bbb.org/us/pa/milford/category/hot-tub-service-and-repair,2000 Industrial Hwy Bldg 20 and 21,"Hot Tub Service successfully fixed our aging hot tub, now working like new."
Hot Tub Maintenance service,Milford PA,P Kornfeind Pool & Spa Service LLC,4.5,10,(610) 351-7522,http://www.pkornfeindpoolandspaservicellc.com,7695 Kernsville Rd Ste A,This was for a hot tub pump replacement.
Hot Tub Maintenance service,Milford PA,Honey Spas,4.2,168,(610) 856-6051,http://www.honeyspas.net,3226 Morgantown Rd,Very friendly and found the problem with my Hot tub very fast.
Hot Tub Maintenance service,Milford PA,Trapani Inground Pool Restoration LLC,4.8,34,(610) 252-0813,http://lvpoolrepair.com,500 Newlins Rd E,They showed up early both days and worked until it was done.
Hot Tub Maintenance service,Hawley PA,The Lodge at Woodloch Spa,4.8,38,(570) 685-8000,http://booking.com,109 River Birch Ln,"The steam rooms, saunas, hot tubs all are clean and good temperatures."
Hot Tub Maintenance service,Tobyhanna PA,Hot Tub Hygiene,5.0,5,(570) 534-4060,http://www.hottubhygiene.com/contact-us,10 AM   (570) 534-4060,I would recommend him for any Hot Tub jobs.
Hot Tub Maintenance service,Lehighton PA,Arete Pool Service,3.6,21,(484) 256-3729,http://local.us-info.com/USPA101302904-4842563729/arete_pool_service-palmerton.html,378 Delaware Ave,"They are timely, professional, and reasonably priced!"
Hot Tub Maintenance service,Lehighton PA,Elite Pools,3.8,6,(610) 577-6886,http://www.elitepools.us,8 AM Mon   (610) 577-6886,"Came out, fixed the pool for less than Hayward did with no problems after."
Hot Tub Maintenance service,Honesdale PA,Star Spa Services Inc,4.1,18,(570) 253-7201,http://www.starspaservices.com,1250 Roosevelt Hwy,"Nice people, great with info on the tubs."
Hot Tub Maintenance service,Honesdale PA,Olympic Pool Co North,3.9,111,(570) 876-4771,http://swimolympic.com,341 Scranton Carbondale Hwy,They did a great job and if I needed another pool I would hire them again.
Hot Tub Maintenance service,Honesdale PA,Star Spa Inc,3.0,2,(570) 253-7201,http://www.starspaservices.com,1937 Bethany Turnpike,
Hot Tub Maintenance service,Blakeslee PA,A & J Pools,4.3,95,(570) 203-1161,http://www.anjpools.com,2138 PA-115,"Knowledgeable, great men (from the owner on down), great services!!!"
Hot Tub Maintenance service,Lake Ariel PA,North Cascade Pools,4.3,6,(570) 290-1446,http://northcascadepools.square.site,133 Southerton Ln,
Hot Tub Maintenance service,Saylorsburg PA,Expert Spa Services,3.5,8,(570) 992-8884,http://businessyab.com/explore/united_states/pennsylvania/monroe_county/hamilton_township/sciota/expert_spa_service.html,,
Hot Tub Maintenance service,Saylorsburg PA,Desmond Pools & Spas,4.2,45,(610) 840-6948,http://www.desmondpools.com,24 hours   (610) 840-6948,"Great to work with, our family's pool turned out great!"
Hot Tub Maintenance service,Saylorsburg PA,Nana's Pool & Spa Care LLC,4.4,77,(610) 365-8967,http://nanasoasis.com,10 AM   (610) 365-8967,Brandon and Dustin are awesome technicians!
Hot Tub Maintenance service,Lake Wallenpaupack PA,"AquaCare Pool and Spa Services, LLC",3.0,2,(272) 318-9058,http://www.aquacarepoolandspaservices.com,24 hours   (272) 318-9058,
Hot Tub Maintenance service,Bushkill Falls PA,Northampton Pool and Patio,4.6,48,(610) 253-2120,http://www.northamptonpoolandpatio.com,2300 Wood Ave,
Hot Tub Maintenance service,Bushkill Falls PA,Integrity Pool & Spa Services,4.7,17,(610) 923-6654,http://www.integritypoolspa.com,,They will be my first call for any service needed forevermore!
Hot Tub Maintenance service,Bushkill Falls PA,Dave's Pool & Pond Services,2.9,7,(610) 330-0800,http://www.superpages.com/easton-pa/bpp/daves-pool-pond-service-658205,1121 Spruce St,
Hot Tub Maintenance service,Shawnee on Delaware PA,Spa work Shawnee and Salon,4.3,58,(570) 424-4000,http://www.shawneeinn.com/spa-poconos-pa,100 Shawnee Inn Dr,"Such a wonderful, relaxing, and restorative experience!"
Hot Tub Maintenance service,Shawnee on Delaware PA,Hot Springs Hot Tub By Delaware Hot Tub CO,4.9,59,(302) 396-5064,http://www.hottubde.com,16797 Coastal Hwy Unit 3,The crew that delivered our hot tub was top shelf.
Hot Tub Maintenance service,Camelback Resort Tannersville PA,Camelback Resort,4.3,,(855) 515-1283,http://www.camelbackresort.com,,Chair lifts are at pool and hot tub whirlpool
Hot Tub Maintenance service,Camelback Resort Tannersville PA,"Mountain Springs Lake Resort | Private Lake, Lakefront Cabins & Pocono Getaways",4.7,518,(570) 629-0251,http://www.mslresort.com,"2 of them had a hot tub).""",... bedrooms with clean bathrooms inside (2 of them had a hot tub).
Hot Tub Maintenance service,Resica Falls PA,The Spa Guys,4.9,270,(267) 394-2600,http://spaguys.us,802 Dorlan Mill Rd Ste 105,They came out and fixed the hot tub right up.
Hot Tub Maintenance service,Resica Falls PA,Bucks County Hot Tubs,4.7,77,(267) 987-7769,http://buckscountyhottubs.com,8330 Easton Rd Bld. F,... rebuilds and repairs his carefully selected used hot tubs.
Hot Tub Maintenance service,Resica Falls PA,Hot Tub Tech LLC,5.0,29,(717) 891-5310,http://hottubtechllc.secureserversites.net,1297 S Ogontz St,"Joe was amazing, knowledgeable and prompt at fixing our hot tub!"
Hot Tub Maintenance service,Marshalls Creek PA,Fun in the Sun Pools and More,4.9,219,(570) 242-0218,http://funpoolsnj.com,9 AM Mon   (570) 242-0218,Quick and reliable hot tub service!!
Handyman and property repairs,Stroudsburg PA,Mido the handyman,5.0,192,(347) 813-2013,http://www.chamberofcommerce.com/business-directory/pennsylvania/stroudsburg/handyman/2026897696-mido-the-handyman,132 Davis Ct,"Mido the handyman, reasonably priced, prompt, friendly, does excellent work."
Handyman and property repairs,Stroudsburg PA,The Stroudsburg Handyman,5.0,1,(570) 280-6724,http://thestroudsburghandyman.com,2105 Wallace St,
Handyman and property repairs,Stroudsburg PA,"JMJ Home Services, LLC",4.9,96,,http://www.jmjhomeservices.com,,"Fair pricing, quality workmanship, and easy to communicate with."
Handyman and property repairs,Stroudsburg PA,"C & S Handyman Services, LLC",5.0,1,,http://www.bestprosintown.com/pa/delaware-water-gap/c-and-s-handyman-services-llc-/,70 Main St,
Handyman and property repairs,Stroudsburg PA,The Poconos Handyman,5.0,9,(570) 861-9761,http://thestroudsburghandyman.com,9 AM   (570) 861-9761,"He was professional, punctual, and did excellent work from start to finish."
Handyman and property repairs,Stroudsburg PA,K & K Handyman Service,5.0,2,(570) 234-9983,http://www.bizapedia.com/pa/k-k-handyman-service.html,129 Ridgeway St,
Handyman and property repairs,East Stroudsburg PA,SK Handyman Services,4.2,9,(201) 724-8672,http://skhandyman.com,316 Del Sol Dr,I highly recommend Sabri and his handyman services.
Handyman and property repairs,East Stroudsburg PA,Odds & N's Handyman Services llc,5.0,1,(267) 225-8402,http://localitybiz.com/28513834/odds-&-n's-handyman-services-llc-east-stroudsburg,2354 Snapdragon Point,Top notch workmanship and timely response.
Handyman and property repairs,Mount Pocono PA,Jamie Marin Pocono Handyman,4.5,20,(570) 242-9334,http://www.findglocal.com/US/Mount-Pocono/121095068228471/Jamie-Marin-Pocono-Handyman,44 Cobblewood Dr,He does quality work and does his best to work within your schedule.
Handyman and property repairs,Mount Pocono PA,Pocono Property Experts LLC,5.0,4,(570) 856-7838,http://local.yahoo.com/info-240498943-pocono-property-experts-pocono-twp/,24 hours   (570) 856-7838,
Handyman and property repairs,Mount Pocono PA,Northeast Services PA,4.4,53,(570) 436-4701,http://mountpocono-pa.gov,197 Devils Hole Rd,
Handyman and property repairs,Jim Thorpe PA,Josh's Handyman Services,5.0,3,,http://joshshandyman.com,245 West Side Rd,Call to have a facet replace an he does a fantastic job
Handyman and property repairs,Jim Thorpe PA,Go Getters Handyman Service LLC,4.7,13,(484) 464-5353,http://www.gogettershandymanservices.com/book-online,12 AM Mon   (484) 464-5353,It looks absolutely beautiful and they finished in 2 days!
Handyman and property repairs,Jim Thorpe PA,FCJ Services,,,(484) 695-5147,http://jtborough.org,24 hours   (484) 695-5147,
Handyman and property repairs,Jim Thorpe PA,Pocono HandyMan,5.0,1,(570) 350-1817,http://www.poconohandyman.com,3904 Lookout Dr,
Handyman and property repairs,Jim Thorpe PA,Steigerwalt Joshua,,,(610) 377-4565,http://allpeople.com/joshua+steigerwalt_joshs-handyman-services_3T-us,,
Handyman and property repairs,Milford PA,Mr Fix It Handyman Services,5.0,2,(570) 296-6122,http://www.mrfixithandymanservice.com,104 E Catharine St,
Handyman and property repairs,Milford PA,Precision Home Improvement Services,5.0,27,(570) 559-4399,http://www.precisionhomepa.com,24 hours   (570) 559-4399,Rob always does a great job at a fair price!
Handyman and property repairs,Milford PA,Bob's Handyman's Services,,,(570) 409-1722,http://www.chamberofcommerce.com/business-directory/pennsylvania/milford/handyman/26721071-bob-s-handyman-s-services,113 Deep Brook Rd,
Handyman and property repairs,Milford PA,A PRO Handyman,5.0,13,(484) 895-7022,http://aprohandyman.com,3606 Nicholas St,He repaired a small masonry issue on my office building.
Handyman and property repairs,Milford PA,PB Property Care,5.0,5,(570) 775-3470,http://www.pbpropertycare.com,8 AM   (570) 775-3470,"Reasonable pricing, shows up on time and goes the extra mile."
Handyman and property repairs,Milford PA,Sprouse’s Handyman Services,4.0,4,(908) 644-4522,http://sprouseshandyman.com/services,24 hours   (908) 644-4522,
Handyman and property repairs,Hawley PA,Lake Region Handyman and Home Repair,5.0,9,(570) 445-1208,http://www.lakeregionhandymanandhomerepair.com,24 hours   (570) 445-1208,"He is prompt, reasonably priced and does good work."
Handyman and property repairs,Hawley PA,Billy Fix-It-All Handyman,4.9,175,(570) 229-8991,http://www.billyfixitall.com/handyman-repairs,9 AM Mon   (570) 229-8991,Billy Fix-It-All did a great job with the repairs needed in my home.
Handyman and property repairs,Hawley PA,Bluestone Home & Property Maintenance LLC,5.0,1,,http://www.bizapedia.com/pa/bluestone-home-and-property-maintenance-llc.html,8 AM Mon,
Handyman and property repairs,Hawley PA,Fixx Me Now,4.9,71,(570) 630-5995,http://www.fixxmenow.com,616 Hamlin Hwy,
Handyman and property repairs,Hawley PA,"Mr. Handyman of Easton, Bethlehem, Nazareth & Allentown",4.8,804,(610) 463-1667,http://www.mrhandyman.com/easton-e-bethlehem-nazareth/,2484 Birch St,Called mr.handyman and no problem they were willing to do work.
Handyman and property repairs,Hawley PA,Rapid Repair Handyman Services,5.0,5,(570) 955-9191,http://rapidrepairguys.com,331 N Main St,Would recommend for anyone looking for any handyman services.
Handyman and property repairs,Lehighton PA,All Fresh Handyman & Cleaning Services,5.0,9,,http://www.all-fresh-handyman-and-cleaning-services.com,24 hours,
Handyman and property repairs,Lehighton PA,Brothers Property Maintenance and Renovations LLC,,,(610) 526-8112,http://local.yahoo.com/info-238048481-brothers-property-maintenance-and-renovations-lehighton/,146 Oak Dr,
Handyman and property repairs,Lehighton PA,The Service Team,4.5,24,(610) 377-8450,http://www.chamberofcommerce.com/business-directory/pennsylvania/lehighton/roofing-contractor/2004955121-the-service-team,6565 Interchange Rd,
Handyman and property repairs,Honesdale PA,Chris Hernandez Pro Handyman LLC,2.3,3,(570) 616-2672,http://www.chamberofcommerce.com/business-directory/pennsylvania/honesdale/roofing-contractor/2011483374-chris-hernandez-pro-handyman-llc,5 Avery Ln,
Handyman and property repairs,Honesdale PA,Burns Handyman Services LLC,5.0,3,(570) 903-1216,http://www.chamberofcommerce.com/united-states/pennsylvania/honesdale/handyman/26724734-burns-handyman-services-llc,,
Handyman and property repairs,Honesdale PA,Tool Times Pro,5.0,10,(570) 503-6262,http://www.tooltimespro.com/book-online,8 AM Mon   (570) 503-6262,... recommend for anyone needing field or property maintenance!
Handyman and property repairs,Honesdale PA,Summit Handyman,5.0,13,(570) 575-9462,http://summithandymanpa.com/about/,30 AM Mon   (570) 575-9462,
Handyman and property repairs,Blakeslee PA,F & G Handyman Specialist,4.5,2,(570) 643-1292,http://www.homeyou.com/f-g-handyman-specialist-albrightsville-pa,479 Mountain Rd,
Handyman and property repairs,Blakeslee PA,"Blakeslee Home Improvement, Inc.",3.3,16,(570) 646-8498,http://blakesleeinc.com,373 PA-940 Box 1020,Blakeslee Home Improvement has always done wonderful work.
Handyman and property repairs,Lake Ariel PA,A To Z Home Maintenance,1.0,1,(570) 698-7759,http://www.allbiz.com/business/a-to-z-home-maintenance_14D-570-698-7759,1186 Hamlin Hwy,
Handyman and property repairs,Lake Ariel PA,Your Helpful Handyman,,,(203) 460-1621,http://yourhelpfulhandyman.com,1010 Deerfield Ct,
Handyman and property repairs,Lake Ariel PA,Jeff’s Mobile Mechanic and Handyman Services,5.0,6,(570) 845-4227,http://www.findglocal.com/US/Archbald/1072980295890201/Jeff's-Mobile-Mechanic-And-Handyman-Services,136 West St,"he always finds practical, cost-effective solutions without cutting corners."
Handyman and property repairs,Saylorsburg PA,Done Right Handyman Services,4.8,10,(800) 568-8070,http://www.donerightchoice.com,305 Roseto Ave Unit 175,
Handyman and property repairs,Saylorsburg PA,"G&J Handy Services, Construction LLC",5.0,13,(570) 990-9299,http://gandjhandyservices.com/contact/,6 AM Mon   (570) 990-9299,The quality of work was solid and everything was completed as promised.
Handyman and property repairs,Tannersville PA,Lh Home Services,5.0,6,(570) 269-7096,http://lhhomeservice.com/services/,2851 Jackson Rd,
Handyman and property repairs,Lake Wallenpaupack PA,Jeff of all Trades LLC,5.0,4,(570) 604-3500,http://www.handyman570.com,175 Marina Wy,He is trustworthy and his rates are fair.
Handyman and property repairs,Lake Harmony PA,The Creative Handyman co.,5.0,5,(272) 271-7190,http://www.thecreativehandymanco.com/handyman-lake-harmony,24 hours   (272) 271-7190,On time and more than reasonable pricing.
Handyman and property repairs,Arrowhead Lake Albrightsville PA,Jon's Contracting & Property Services LLC,5.0,19,(570) 470-5013,http://www.bizapedia.com/pa/jons-contracting-and-property-services-llc.html,7 AM   (570) 470-5013,
Handyman and property repairs,Bushkill Falls PA,"Next Level Handyman, LLC",5.0,8,(610) 393-7020,http://www.nxtlvlhandyman.com,8 AM Mon   (610) 393-7020,He is knowledgeable in all home improvements.
Handyman and property repairs,Bushkill Falls PA,Valley repair and lawn service,5.0,16,(610) 849-3379,http://nextdoor.com/pages/valley-repair-lawn-service-bethlehem-pa/,8 AM   (610) 849-3379,"He was efficient, detail oriented, and fairly priced."
Handyman and property repairs,Bushkill Falls PA,TruBlue of Easton,4.8,71,(484) 207-0060,http://www.trublueally.com/easton,8 AM Mon   (484) 207-0060,He completed the work in a short time and it came out perfect.
Handyman and property repairs,Shawnee on Delaware PA,Deluxe Handyman Services,,,(570) 424-0584,http://handymandeluxeservices.com/home,606 Sugar Works Dr,
Handyman and property repairs,Shawnee on Delaware PA,Mr. Handyman,4.4,9,(201) 724-8672,http://www.mrhandyman.com,316 Del Sol Dr,
Handyman and property repairs,Shawnee on Delaware PA,MISSION HANDYMAN LLC,5.0,53,(484) 505-0710,http://www.missionhandymanco.com/quote,8 AM Mon   (484) 505-0710,Justin did a great job on several repairs at our house.
Handyman and property repairs,Camelback Resort Tannersville PA,Bornemann's Handyman Services,5.0,4,(570) 629-3402,http://www.manta.com/c/mb8c1c1/bornemann-s-handyman-service,7 AM Mon   (570) 629-3402,
Handyman and property repairs,Camelback Resort Tannersville PA,HomeTown Pros LLC,5.0,31,(484) 800-6078,http://www.camelbackresort.com/about,401 N 5th St,They fixed everything quickly and the quality of their work was outstanding.
Handyman and property repairs,Blue Mountain Ski Area Palmerton PA,Sargent and Sons Improvements-Masonry Contractor,4.6,18,(570) 730-7196,http://ssstoneworks.com,111 Stone Ln,Sargent and Sons did an incredible job on my property repair.
Handyman and property repairs,Blue Mountain Ski Area Palmerton PA,C&N Handyman Service LLC,5.0,1,(732) 567-6000,http://www.shopskibluemt.com/contactus,8 AM Mon   (732) 567-6000,
Handyman and property repairs,Resica Falls PA,Legacy The HandyMan,4.9,50,(570) 202-6627,http://legacythehandyman.com,7 AM   (570) 202-6627,
Handyman and property repairs,Resica Falls PA,Hometown Heroes Handyman and Junk Removal,5.0,3,(570) 460-0516,http://hometownhandymanservicesllc.com,24 hours   (570) 460-0516,"Great handyman service—prompt, professional, and easy to communicate with."
Handyman and property repairs,Marshalls Creek PA,A-Mex & Handyman Team LLC,5.0,1,(570) 977-2212,http://www.bizapedia.com/pa/a-mex-and-handyman-team-llc.html,418 Marshalls Creek Rd,
Handyman and property repairs,Saw Creek Estates Bushkill PA,Justin's Handyman Service,,,,http://justinhandyman.com,4320 Pne Rdg Dr,
Handyman and property repairs,Saw Creek Estates Bushkill PA,EJ's Premier Services,5.0,1,(570) 656-1302,http://sawcreek.org,24 hours   (570) 656-1302,
Handyman and property repairs,Tanglwood Lakes Greentown PA,Manton Home Services,5.0,9,(445) 223-0117,http://mantonhomeservices.com,12 PM   (445) 223-0117,I emailed him my inspection report and he fixed every issue I wanted fixed.
Handyman and property repairs,Hemlock Farms Hawley PA,Affordable Art's Handyman Services,5.0,7,(570) 460-6922,http://local.yahoo.com/info-241343341-affordable-arts-handymans-services-hawley/,30 AM   (570) 460-6922,"He’s reliable, knowledgeable, and his prices are great too."
Handyman and property repairs,Hemlock Farms Hawley PA,"ALC Property Maintenance, LLC",3.7,3,(845) 806-6222,http://truckingdatabase.com/companies/dot/2881647,7 AM Mon   (845) 806-6222,
Handyman and property repairs,Hemlock Farms Hawley PA,Area Maintenance,5.0,1,(570) 229-0105,http://www.hemlockfarms.org/public-works,9 AM Mon   (570) 229-0105,
Handyman and property repairs,Hideout Lake Ariel PA,T Squared Handyman LLC.,,,(570) 251-5049,http://nextdoor.com/pages/t-squared-handyman-llc-lake-ariel-pa/,8 AM Mon   (570) 251-5049,
Handyman and property repairs,Hideout Lake Ariel PA,Handyman Business Solutions,,,(407) 625-9266,http://www.handymanbusinesssolutions.com,135 Boulder Rd,
Handyman and property repairs,Hideout Lake Ariel PA,Handy Manny / Manny Exclusives,4.2,5,(570) 814-8740,http://www.hideoutassoc.com,30 AM Mon   (570) 814-8740,Handy Manny is now our go-to choice in the Poconos area.
HVAC and plumbing emergency service,Stroudsburg PA,"Pocono Electrical Services, LLC",4.6,37,(570) 534-2247,http://www.poconoelectricalservices.com,112 Scarlet Oak Drive,
HVAC and plumbing emergency service,Stroudsburg PA,"r.j. Groner Inc. Heating, Cooling & Plumbing",4.8,,(570) 775-2841,http://rjgroner.com,1 Katz Rd,
HVAC and plumbing emergency service,Stroudsburg PA,Northeast Plumbing Service,5.0,193,(610) 551-4704,http://hvacservice.io/pa/stroudsburg/northeast-plumbing-service,556 Main St,... fast and worked around our schedule and our emergency call.
HVAC and plumbing emergency service,Stroudsburg PA,ETG Plumbing & Heating,4.8,147,(570) 800-3214,http://www.etgplumbing.com,205 N Courtland St,In doing so they saved me thousands in unnecessary repair cost.
HVAC and plumbing emergency service,Stroudsburg PA,Nauman Inc.,4.9,,(570) 989-9849,http://www.naumaninc.com/hvac,20 Lenox Ave,"Highly recommended, they do all my plumbing and HVAC work."
HVAC and plumbing emergency service,Stroudsburg PA,KMB PLUMBING AND ELECTRICAL,4.2,207,(570) 460-0111,http://www.kmbplumbing.com,223 Truss Rd,Great company great workers had an emergency guys were out within two hours.
HVAC and plumbing emergency service,East Stroudsburg PA,Toms Plumbing HVAC,3.9,36,(570) 656-3200,http://hvacservice.io/pa/east-stroudsburg/toms-plumbing-hvac,524 Cranberry Rd,Pricing is fair and my issues were fixed quickly!
HVAC and plumbing emergency service,East Stroudsburg PA,A1 HVAC & Plumbing,4.8,101,(610) 333-5722,http://a1hvacandplumbing.net,1 HVAC & Plumbing,We had a broken AC and they came the next morning and gave a fair price.
HVAC and plumbing emergency service,Mount Pocono PA,"ULTIMATE Plumbing, Heating, and Air Conditioning LLC",4.5,200,(570) 580-5861,http://www.ultimateplumbingheatingair.com/mount-pocono-pa/,24 hours   (570) 580-5861,Made the emergency call and the technician came promptly.
HVAC and plumbing emergency service,Mount Pocono PA,Pocono Mountain Plumbing & Heating,4.9,49,(570) 839-0205,http://www.home8.org/PA/Swiftwater/Pocono-Mountain-Plumbing-Heating-Swiftwater/,1 Meadow Ln,I called Pocono Mountain Plumbing and Heating and Bob came out quickly.
HVAC and plumbing emergency service,Mount Pocono PA,MJF Plumbing & Heating LLC,4.8,96,(570) 580-8700,http://www.mjfplumbing.com,24 hours   (570) 580-8700,Helped me immensely with an after-hours emergency!
HVAC and plumbing emergency service,Mount Pocono PA,Pocono Service Pro's Plumbing Heating Electrical.,4.9,139,(570) 335-0915,http://www.poconoservicepro.com,256 Schlittler Rd,Extremely fast service on a Saturday emergency call.
HVAC and plumbing emergency service,Mount Pocono PA,"Keiper Plumbing, Heating & Air Conditioning",4.9,150,(570) 646-3222,http://keiperplumbing.com,5204 PA-115,Had an emergency on an holiday weekend and they came within an hour.
HVAC and plumbing emergency service,Jim Thorpe PA,E F Laudenslager Inc.,4.9,349,(610) 395-1582,http://eflaud.com,3545 Pennsylvania 309,
HVAC and plumbing emergency service,Jim Thorpe PA,"Andreas Plumbing, Heating & Air Conditioning",4.8,,(610) 900-4083,http://andreasplumbing.com/service-area/jim-thorpe/,208 Memorial Drive,I will be using this company in the future for my plumbing and HVAC needs.
HVAC and plumbing emergency service,Jim Thorpe PA,"Shawn Kresge Services, Inc.",4.8,216,(570) 325-2773,http://www.kresgeservices.com/?amp;utm_medium=organic&amp;utm_campaign=google_my_business&amp;utm_content=website_button,908 North St,Anytime I have an emergency no matter when it is they come quickly.
HVAC and plumbing emergency service,Jim Thorpe PA,Home Comfort Solutions,4.9,252,(484) 464-3681,http://www.homecomfortsolutionsllc.com/service-areas/plumbing-jim-thorpe,325 Cypress St,
HVAC and plumbing emergency service,Jim Thorpe PA,Safeway Heating LLC,4.6,98,(570) 534-5289,http://www.chamberofcommerce.com/business-directory/pennsylvania/summit-hill/hvac-contractor/2012617155-safeway-heating-llc,24 hours   (570) 534-5289,I contacted them about it and the next week it was fixed.
HVAC and plumbing emergency service,Jim Thorpe PA,AOK Heating Air Conditioning Electrical,4.9,78,(610) 780-7363,http://aokqualityservice.com/hvac-electrician-jim-thorpe/,104 E Penn St,
HVAC and plumbing emergency service,Milford PA,Clear Choice Plumbing Inc.,4.9,262,(570) 223-3181,http://www.clearchoiceplumbinginc.com,24 hours   (570) 223-3181,Tom and his team were so helpful when we had an emergency situation.
HVAC and plumbing emergency service,Milford PA,John McCaslin Plumbing & Heating,4.9,27,(570) 686-3151,http://www.johnmccaslinplumbingpa.com,12 AM   (570) 686-3151,VERY responsive (he has saved my house twice from emergency situations).
HVAC and plumbing emergency service,Milford PA,Phoenix Plumbing LLC,5.0,21,(570) 296-2604,http://www.phoenixplumbingllc.com,8 AM Mon   (570) 296-2604,Service technician was prompt and very courteous and informative.
HVAC and plumbing emergency service,Milford PA,Cold Breeze LLC,5.0,67,(570) 618-3776,http://coldbreezellc.com,24 hours   (570) 618-3776,Matt was quick to respond and completed the repair in under an hour.
HVAC and plumbing emergency service,Milford PA,Elvis Electric Heating Cooling and Plumbing LLC,4.9,151,(484) 922-8588,http://elvisehcp.com/about-us/,3142 William Penn Hwy,Friendly and respectful team came found the problem and fixed issue quickly.
HVAC and plumbing emergency service,Hawley PA,HVAC Steve LLC,4.8,31,(570) 390-8783,http://www.hvacstevellc.com,24 hours   (570) 390-8783,He provides us with quick service and fair prices!
HVAC and plumbing emergency service,Hawley PA,"Paupack Plumbing, Heating, AC & Electric",4.6,19,(570) 226-1776,http://www.strongenterprises.org,805 Church St,Paupack Plumbing and HVAC and Ryan/team were absolutely excellent.
HVAC and plumbing emergency service,Hawley PA,"Reid Plumbing, Heating and Air Conditioning",4.5,8,(570) 576-7862,http://www.buildzoom.com/contractor/reid-hvac-llc,8 AM Mon   (570) 576-7862,Shawn and his crew were amazing.
HVAC and plumbing emergency service,Hawley PA,Remarkable Plumbing and Heating,4.9,148,(570) 203-2540,http://www.remarkableplumbingandheating.com,8 AM Mon   (570) 203-2540,"... assessed my problem, gave an estimate, and made a timely repair."
HVAC and plumbing emergency service,Hawley PA,B. Lee Oil Burner Service,4.5,24,(855) 253-3627,http://bleeobs.com,213 Cromwell St,Took the time to get here same day to look at our furnace.
HVAC and plumbing emergency service,Tobyhanna PA,F.A.C plumbing & heating,5.0,90,(570) 656-5109,http://fbplumbingandheating.com,24 hours   (570) 656-5109,Frank and his team are now my go to for any plumbing and HVAC needs!
HVAC and plumbing emergency service,Lehighton PA,R.F. Ohl,4.7,602,(610) 377-1098,http://www.rfohl.com,160 S 2nd St,
HVAC and plumbing emergency service,Honesdale PA,Electric and Plumbing Services LLC,4.5,90,(570) 230-4880,http://www.findglocal.com/US/Honesdale/2526747484241607/Electric-and-Plumbing-Services-LLC,707 Church St,
HVAC and plumbing emergency service,Honesdale PA,L H Reed & Sons Inc,4.8,16,(570) 253-0689,http://lhreedandsonsinc.com,564 Bethany Turnpike,Answered all our plumbing questions!
HVAC and plumbing emergency service,Honesdale PA,Duffy Plumbing & Heating,4.8,68,(570) 470-5522,http://www.findglocal.com/US/Honesdale/691933877502918/Duffy-Plumbing-&-Heating,1903 Roosevelt Hwy,They were able to fix the pipes the same day.
HVAC and plumbing emergency service,Honesdale PA,Michael Console Heating & Plumbing,3.7,9,(570) 253-4514,http://www.consoleheatingplumbing.com,149 Haines School Rd,"Mike figured it all out and had it all fixed and put back in, in no time."
HVAC and plumbing emergency service,Honesdale PA,Donald Hiller Plumbing & Heating,3.7,14,(570) 253-2485,http://hillerplumbingheating.net,252 Prompton Rd,I will definitely call them again if I have any issues.
HVAC and plumbing emergency service,Blakeslee PA,Mr Breeze HVAC Hot Water and Plumbing Service,4.8,21,(570) 213-6908,http://www.mrbreezehvacservice.com,116 Crescent Way,They immediately identified the issue and fixed it with ease.
HVAC and plumbing emergency service,Blakeslee PA,Allstate Plumbing & Well Pumps,4.9,62,(888) 267-5777,http://businessyab.com/explore/united_states/pennsylvania/monroe_county/tunkhannock_township/blakeslee/skyline_drive/383/allstate_plumbing_heating.html,24 hours   (888) 267-5777,I called Allstate Plumbing and heating and kirk answered..he saved my day.
HVAC and plumbing emergency service,Lake Ariel PA,Highpoint Mechanical HVAC LLC,4.9,49,(570) 656-3807,http://hvacservice.io/pa/lake-ariel/highpoint-mechanical-hvac-llc,120 Maple Ave,
HVAC and plumbing emergency service,Lake Ariel PA,Scotty's Services Inc,4.4,37,(570) 689-0890,http://scottysservices.com,429 Hamlin Hwy,And recently they helped us out with a no hot water emergency.
HVAC and plumbing emergency service,Lake Ariel PA,Histed's Heating & Plumbing,4.6,9,(570) 698-8797,http://www.chamberofcommerce.com/business-directory/pennsylvania/lake-ariel/heating-contractor/2033270236-histed-s-heating-plumbing,,Robert called back quickly on a Saturday and arrived shortly after the call.
HVAC and plumbing emergency service,Lake Ariel PA,Caparo’s HVAC & Plumbing,4.8,76,(570) 766-7799,http://www.chamberofcommerce.com/business-directory/pennsylvania/lake-ariel/hvac-contractor/2017168697-caparos-hvac-plumbing,243 Hitchcock Rd,Kevin came out with-in the hour and fixed it.
HVAC and plumbing emergency service,Saylorsburg PA,"Affordable Comfort Contracting, Inc",4.8,205,(570) 992-2806,http://affordablecomfortinc.net,1201 Rte 115,
HVAC and plumbing emergency service,Saylorsburg PA,Universal Plumbing Heating & Mechanical,5.0,206,(570) 992-5868,http://pamasterplumber.com,24 hours   (570) 992-5868,"Available same day for emergency service, very prompt, and knowledgeable."
HVAC and plumbing emergency service,Saylorsburg PA,"Coppola Heating, Air Conditioning and Plumbing LLC",4.9,70,(570) 580-7181,http://www.chamberofcommerce.com/business-directory/pennsylvania/saylorsburg/hvac-contractor/2017169792-coppola-heating-air-conditioning-and-plumbing-llc,225 Winding Way,Came out and diagnosed and repaired the situation in under thirty minutes.
HVAC and plumbing emergency service,Saylorsburg PA,Deluxe Plumbing & Heating,4.7,506,(610) 628-1724,http://hallerent.com/deluxe-plumbing-and-heating/,4240 Fritch Dr,
HVAC and plumbing emergency service,Bartonsville PA,Leon Clapper Plumbing Heating & Water Conditioning,3.8,36,(570) 629-2833,http://leonclapper.com,425 Neyhart Rd,They've been quick to act always on time and always got the job done right.
HVAC and plumbing emergency service,Bartonsville PA,iKON HVAC,4.8,101,(570) 972-4845,http://www.icon-hvac.com/category/all-products,24 hours   (570) 972-4845,Angelo and his team responded right away and were able to come out same day!
HVAC and plumbing emergency service,Pocono Lake PA,Pocono Water Heater & Plumbing Services,5.0,196,(570) 801-2368,http://www.poconowaterheater.com,24 hours   (570) 801-2368,Pocono water heater was very fast and professional.
HVAC and plumbing emergency service,Albrightsville PA,Absolute Plumbing & Heating,4.9,33,(570) 730-0823,http://absoluteplumbing-heating.com/services/,30 AM Mon   (570) 730-0823,They came out quickly and fixed my problem!
HVAC and plumbing emergency service,Lake Wallenpaupack PA,"Vitale & Son Plumbing, Heating and A/C",4.9,129,(570) 991-0991,http://www.vitaleandson.com,8 AM Mon   (570) 991-0991,He was at my door in twenty minutes and had me up and running in no time.
HVAC and plumbing emergency service,Arrowhead Lake Albrightsville PA,"Hope Mechanical, LLC",4.9,410,(610) 904-8002,http://plumberinboonenc.com/plumber-near-me/hope-mechanical-llc/,406 Hercules Dr,
HVAC and plumbing emergency service,Bushkill Falls PA,Lehigh Plumbing,5.0,939,(610) 973-5070,http://www.lehighplumbing.com,8 AM Mon   (610) 973-5070,We highly recommend them for your future plumbing and HVAC needs!
HVAC and plumbing emergency service,Blue Mountain Ski Area Palmerton PA,ABC Heating & Cooling Inc,3.5,58,(610) 760-6020,http://dualtemp.com/home-services/locations/palmerton/,1306 Riverview Dr,Great place great Service 24 emergency service
HVAC and plumbing emergency service,Resica Falls PA,ADR Always Done Right Services,5.0,31,(732) 967-5237,http://adralwaysdoneright.com,24 hours   (732) 967-5237,"Nick is reliable, resourceful and knowledgeable."
HVAC and plumbing emergency service,Saw Creek Estates Bushkill PA,"PTS Plumbing, Heating & Air Conditioning",4.2,33,(570) 236-1992,http://www.allbiz.com/business/pts-plumbing-heating-air-conditioning-570-236-1992,239 Shawnee Dr,
HVAC and plumbing emergency service,Saw Creek Estates Bushkill PA,Taylor Group Plumbing Heating Mechanical & Sprinkler Inc.,4.0,12,(570) 609-3431,http://www.chamberofcommerce.com/business-directory/pennsylvania/east-stroudsburg/plumber/2012613471-taylor-group-plumbing-heating-mechanical-sprinkler-inc,247 Fox Run Ln Ste 203,
HVAC and plumbing emergency service,Saw Creek Estates Bushkill PA,All-Tech Mechanical Heating & Air Conditioning,4.9,266,(570) 223-8297,http://www.alltechmech.com,872 Coolbaugh Rd,I had an emergency and they responded professionally and quickly.
HVAC and plumbing emergency service,Tanglwood Lakes Greentown PA,911 Emergency Plumbing and Heating,5.0,2,(877) 312-5754,http://www.911plumbandheat.com,911 Emergency Plumbing and Heating,
HVAC and plumbing emergency service,Hemlock Farms Hawley PA,"Blitz Plumbing, Heating and Cooling",5.0,35,(845) 645-5013,http://blitzplumbing.com/hawley-pa/,7 AM   (845) 645-5013,He diagnosed the leak and fixed it within an hour.
HVAC and plumbing emergency service,Hideout Lake Ariel PA,Rinker Inc.,4.8,102,(570) 698-9696,http://gorinkerinc.com,13 Mt Cobb Hwy,
Pest control services,Stroudsburg PA,Mrs. Bzzz Pest & Termite Solutions - Stroudsburg,4.9,179,(570) 431-3556,http://mrsbzzz.com,814 Monroe St #101,Definitely recommend Brendan if you’re dealing with any pest problems!
Pest control services,Stroudsburg PA,Ehrlich Pest Control,4.8,473,(866) 864-1911,http://pub-uat.jcehrlich.com/local-branches/stroudsburg-pa,507 Seven Bridge Rd,Always punctual and solves the pest problem.
Pest control services,Stroudsburg PA,A#1 Animal and Pest Control,3.7,9,(717) 422-3916,http://animalandpestcontrol.com,1 Animal and Pest Control,
Pest control services,Stroudsburg PA,Sting Operation Pest Control,,,(570) 380-5055,http://www.stingoperationpestcontrol.com,556 Main St Ste 7,
Pest control services,Stroudsburg PA,Mr. Perfecto Extermination and Cleaning,5.0,29,(800) 311-5944,http://pestcontrolnoblesville.com/pest-control-near-me/mr-perfecto-extermination-and-cleaning,"344 Stroud Mall Road, 784 Marcy ave",
Pest control services,Stroudsburg PA,L & L Pest Control,4.9,280,(570) 992-3487,http://landlpestcontrol.com/pest-control-stroudsburg/,191 PA-715,Excellent customer service and reliable pest control service overall!”
Pest control services,East Stroudsburg PA,Catch Them Critterz,4.8,25,(570) 202-0185,http://www.chamberofcommerce.com/business-directory/pennsylvania/east-stroudsburg/animal-control-service/2032304851-catch-them-critterz,9 AM Mon   (570) 202-0185,They were fast and helpful at solving our critter issue.
Pest control services,East Stroudsburg PA,The Pest Rangers Mount Pocono: Termite and Pest Control,5.0,457,(570) 355-6060,http://thepestrangers.com,3324 PA-940 Ste 105,
Pest control services,Mount Pocono PA,Green Man Exterminator Pest Control Services,4.8,29,(570) 851-4863,http://poconopestcontrol.com,506 Main St,
Pest control services,Mount Pocono PA,Pocono Wildlife Control LLC,4.9,17,(570) 807-4954,http://poconowildlifecontrol.com,8 AM Mon   (570) 807-4954,Did an excellent job and were responsive to all of our needs and questions.
Pest control services,Jim Thorpe PA,Rest Easy Pest Control,,,(908) 774-1552,http://resteasypestcontrol.com/states/pennsylvania/carbon-county/jim-thorpe/,733 Fairyland Rd,
Pest control services,Jim Thorpe PA,Terminix,4.9,58,(570) 551-0080,http://terminix.com,105 W Broad St Ste 110,
Pest control services,Jim Thorpe PA,A. D. Home Inspections LLC,4.9,29,(570) 467-7328,http://adhomeinspections.com,10 AM   (570) 467-7328,I was very pleased with the service and advice from AD Home inspections.
Pest control services,Jim Thorpe PA,LaMastra Pest and Wildlife Management LLC,5.0,14,(484) 707-2270,http://www.chamberofcommerce.com/united-states/pennsylvania/slatington/pest-control-service/2017594470-lamastra-pest-and-wildlife-management-llc,7 AM Mon   (484) 707-2270,Max is very knowledgeable and does efficient work!!
Pest control services,Jim Thorpe PA,The Pest Rangers Lehigh Valley: Termite and Pest Control,5.0,462,(610) 871-1229,http://thepestrangers.com,1501 Sumner Ave,They helped my Grandma with some infestations and cleared it up in no time!
Pest control services,Milford PA,Pest and Wildlife Control Company,5.0,228,(570) 431-9551,http://www.pestwildlifecontrolcompany.com/milford,615 Sawkill Rd,
Pest control services,Milford PA,PestPractice Milford,5.0,1,(570) 800-2055,http://pestpa.com,406 Broad St,
Pest control services,Milford PA,Eastern Pest Management,5.0,2,(570) 296-4222,http://easternpestdmv.com/contact-us,,
Pest control services,Hawley PA,Pocono Pest Control,5.0,3,,http://poconospestcontrol.com/wayne-county/hawley/,1319 Purdytown Turnpike,"Rich is friendly, knows his stuff, and always answers his phone."
Pest control services,Hawley PA,Paupack Wildlife and Pest Control,4.9,28,(570) 251-1544,http://paupackwildlifecontrol.com/pest-control/pest-control-hawley-pa/,121 Gumbletown Rd,Excellent service and they always go above and beyond.
Pest control services,Hawley PA,Nepa Exterminators,5.0,49,(570) 955-9708,http://nepaexterminators.com/site/,794 PA-690,"They did excellent work, and were very efficient."
Pest control services,Hawley PA,Fine's Pest Control,5.0,47,(570) 299-6150,http://www.finespestcontrol.com,470 Plank Rd,They use natural and organic pest control products which smell good.
Pest control services,Lehighton PA,Herritt's Pest Control,4.7,18,(844) 902-2897,http://www.herrittspestcontrol.com,4280 Cedar Dr,"Herritt's handled it thoroughly in 1 visit, saving me me time and money!"
Pest control services,Honesdale PA,Honesdale Wildlife Removal,5.0,14,(570) 493-3502,http://honesdaleborough.com,,"Brandon showed up on schedule, set-up traps and checked them every morning."
Pest control services,Lake Ariel PA,"570 Pest and Weed Defense, LLC",5.0,18,(570) 614-9553,http://www.findglocal.com/US/Moscow/673227155878457/570-Pest-and-Weed-Defense,"570 Pest and Weed Defense, LLC",
Pest control services,Lake Ariel PA,"Forbes Pest Control, LLC",4.8,26,(570) 906-0909,http://www.forbespestcontrolllc.com,433 Whitmore Ave,
Pest control services,Lake Ariel PA,Overwatch Home Inspections & Pest Control,4.9,152,(570) 866-0304,http://www.findglocal.com/US/Scranton/355142412114441/Overwatch-Home-Inspections-and-Pest-Control-LLC,8 AM   (570) 866-0304,
Pest control services,Saylorsburg PA,Mountain Valley Pest Control,,,(610) 365-2870,http://mountainvalleypest.com,904 E Laurel Ave,
Pest control services,Saylorsburg PA,A1 Wildlife Pest Control LLC,3.5,11,(610) 504-6156,http://www.allbiz.com/business/a-wildlife-pest-control-llc_1P-610-504-6156,1 Wildlife Pest Control LLC,
Pest control services,Tannersville PA,Seitz Bros.,4.7,40,(855) 548-2801,http://www.seitzbrothers.com/contact-us/,2857 PA-611,The technician Josh was super knowledgeable and did a great job.
Pest control services,Pocono Lake PA,Viking Pest Control,4.8,311,(800) 618-2847,http://www.vikingpest.com,8 AM   (800) 618-2847,
Pest control services,Arrowhead Lake Albrightsville PA,Aspen Pest Control,5.0,37,(570) 620-0300,http://aspenpc.com/about-us/,9 AM Mon   (570) 620-0300,... Aspen for anyone needing reliable pest control services!
Pest control services,Bushkill Falls PA,Aptive Pest Control,4.9,165,(610) 890-9609,http://aptivepestcontrol.com/locations/pennsylvania-pa/bushkill-pest-control/,6 AM Mon   (610) 890-9609,
Pest control services,Shawnee on Delaware PA,Green Pest Solutions,4.9,751,(610) 840-0044,http://www.greenpestsolutions.com,6363 Winside Dr,... Pest technician goes over and above normal customer service.
Pest control services,Shawnee on Delaware PA,Quest Termite & Pest Management,4.9,274,(610) 795-5491,http://www.questpests.com,1319 Main St,
Pest control services,Shawnee on Delaware PA,Rid-Et Pest Control,3.7,15,(610) 759-0839,http://www.rid-etpestcontrol.com,19 Tatamy Rd,
Pest control services,Resica Falls PA,Atlas Pest Control Services,5.0,11,(215) 672-4757,http://www.atlaspestcontrolpa.com/contact-us,98 Gruver Rd,
Pest control services,Saw Creek Estates Bushkill PA,BeeAwesome Eco Pest Control,5.0,24,(973) 876-7081,http://www.beeawesomenjpest.com/pest-control-services-nj-pa,7 AM Mon   (973) 876-7081,
Pest control services,Saw Creek Estates Bushkill PA,BeeAwesome NJ Eco Pest Control,,,(973) 876-7081,http://www.beeawesomenjpest.com,9 AM Mon   (973) 876-7081,
Pest control services,Hemlock Farms Hawley PA,Beam pest solutions,5.0,6,(973) 223-2788,http://www.hemlockfarms.org,10 AM   (973) 223-2788,
Pest control services,Hemlock Farms Hawley PA,Masters Pest Control,5.0,978,(845) 856-2024,http://masterspestcontrol.com/pike-county/hemlock-farms/,05 Grand St,... KNOWLEGEABLE AND RESPONSIVE TO PEST CONTROL ISSUES.
Pest control services,Hideout Lake Ariel PA,Bug E Bug Pest Control,5.0,2,(570) 955-8382,http://www.merchantcircle.com/bug-e-bug-lake-ariel-pa,10 PM   (570) 955-8382,
Pest control services,Indian Mountain Lake Lehighton PA,"The Bug Guyz, LLC",5.0,146,(570) 855-5335,http://thebugguyz.com,,"The same day I called, Karl was able to swing by and spray."
Pest control services,Indian Mountain Lake Lehighton PA,Seitz Environmental Inc.,4.6,28,(833) 219-9490,http://seitzenvironmental.com,1290 Blakeslee Blvd Dr W,Seitz Environmental have done two jobs for me and I was very happy.
Trash valet garbage removal,Stroudsburg PA,We Cleanout Junk LLC,5.0,143,(570) 730-0447,http://wecleanoutjunk.com,205 Ramble Bush Rd,They did a wonderful job on a removal on our property.
Trash valet garbage removal,Stroudsburg PA,Disposal Pro,4.9,34,(570) 234-9678,http://disposalpa.com,824 Scott St,They never leave any trash on the ground after a pick up either.
Trash valet garbage removal,Stroudsburg PA,AFFORDABLE JUNK REMOVAL SERVICE,5.0,252,(570) 807-1463,http://affordablejunkremovalservice.com/services,2349 Rimrock Dr,Affordable Junk Removal Service provided excellent service.
Trash valet garbage removal,East Stroudsburg PA,Nimis Hauling Inc.,5.0,128,(570) 807-2325,http://www.nimishaulinginc.com,24 hours   (570) 807-2325,"Nimis Hauling was fast, efficient, friendly and cost effective!"
Trash valet garbage removal,East Stroudsburg PA,Valovich & Sons,5.0,13,(570) 421-2165,http://valovichandsons.com,114 Tanite Rd,Mark came by the called him and got everything removed and on his truck.
Trash valet garbage removal,East Stroudsburg PA,Wonderful Cleanouts,5.0,6,(570) 656-2887,http://wonderfulcleanout.com,3609 Bridge St,This company did a great job with removing my living room set.
Trash valet garbage removal,Mount Pocono PA,Panther Waste Systems LLC,4.3,90,(570) 646-5178,http://pantherwaste1.com/about,353 Sullivan Trail,Also brought scrap metal which was no charge.
Trash valet garbage removal,Mount Pocono PA,Vanwhy Sanitation (Pa),2.9,16,,http://www.superpages.com/scotrun-pa/bpp/vanwhy-sanitation-519565835,287 Buck Fever Trail,He’s never missed a pick up never over charged me.
Trash valet garbage removal,Mount Pocono PA,D M Palmisano Sanitation,3.7,43,(570) 595-9027,http://www.dmpalmisano.com,9 AM Mon   (570) 595-9027,The guys go above & beyond to get the job done!
Trash valet garbage removal,Mount Pocono PA,That's Gotta Go LLC,4.5,13,(570) 580-8505,http://www.thatsgottago.com,205 PA-196,My dumpster arrived as they said even the driver was pleasant and helpful.
Trash valet garbage removal,Mount Pocono PA,Junk Your Trash Demolition Services,5.0,31,(570) 350-0944,http://1800gotjunk.com,7490 Cottage Ln,Called the morning of they came out the same day and got the job done.
Trash valet garbage removal,Jim Thorpe PA,Freedom Sanitation LLC,4.7,85,(610) 866-8380,http://freedomsanitation.com,,Very happy with them for my residential trash service.
Trash valet garbage removal,Jim Thorpe PA,Prestige Disposal,4.9,332,(484) 658-3333,http://www.prestigedisposalnepa.com,8 AM Mon   (484) 658-3333,Very consistent and easy trash pickup at an affordable price.
Trash valet garbage removal,Jim Thorpe PA,Randy's Trash,4.0,112,(484) 926-6500,http://randystrash.com,7 AM Mon   (484) 926-6500,My driver always picks our trash up on time!
Trash valet garbage removal,Jim Thorpe PA,Clean-ya-junk Hauling,5.0,59,(570) 350-3107,http://www.aaarousse.com/Junk_Removal_Jim_Thorpe_Pennsylvania.html,12 AM Mon   (570) 350-3107,Did a very a nice job in removing junk and extra items .
Trash valet garbage removal,Jim Thorpe PA,J&S Disposal Service,4.3,49,(610) 866-2430,http://jsdumpsters.com/dumpster-rental-jim-thorpe-pa/,613 Main St,This is a company I will be using whenever we need a dumpster unit.
Trash valet garbage removal,Milford PA,Absolute Trash PA - Trash Valet Service,5.0,2,(215) 690-1379,http://absolutetrashpa.com,24 hours   (215) 690-1379,Absolute trash keep up the good work!!
Trash valet garbage removal,Milford PA,Bin Pals - Valet Trash Service New Jersey,5.0,10,(732) 558-2439,http://binpals.net/valet-trash-new-jersey/,7 PM   (732) 558-2439,Super helpful bin to curb service while I was away from home!
Trash valet garbage removal,Milford PA,Trash Grabbers LLC,5.0,1,(484) 284-0594,http://www.trash-grabbers.com/services,9 PM   (484) 284-0594,
Trash valet garbage removal,Milford PA,Yard Valet,,,(484) 350-4772,http://www.milfordboro.org,9 AM Mon   (484) 350-4772,
Trash valet garbage removal,Hawley PA,Carl's Dumpsters and Hauling,4.9,132,(570) 212-0573,http://www.carlsdumpstersandhauling.com,2064 Easton Turnpike,
Trash valet garbage removal,Hawley PA,Bunnell Waste Removal,4.3,34,(570) 253-5082,http://bunnellwasteremoval.com/index.html,267 Tryon St,Great place to get your garbage removed or dumpster rental.
Trash valet garbage removal,Hawley PA,Casella Waste Systems,2.2,248,(570) 685-7000,http://www.casella.com,17 Industrial Park Rd,they picked up my recycling and left behind my garbage.
Trash valet garbage removal,Lehighton PA,Trash Tacklers,5.0,59,(484) 309-5484,http://www.thetrashtacklers.org/contact-us,6 PM   (484) 309-5484,Eddie and his crew did an amazing job clearing out all the trash in my yard.
Trash valet garbage removal,Lehighton PA,Clark Sterner Sanitation,4.6,33,(484) 262-0355,http://www.chamberofcommerce.com/business-directory/pennsylvania/allentown/garbage-collection-service/2015202896-clark-sterner-sanitation,6167 Opossum Ln,"Efficient , they go above and beyond to assist you with your garbage pails ."
Trash valet garbage removal,Honesdale PA,BS Junk Removal,5.0,87,(570) 229-6932,http://1800gotjunk.com,8 PM   (570) 229-6932,They are super affordable and got the job done in a matter of minutes!
Trash valet garbage removal,Blakeslee PA,"Whitetail Disposal, Inc.",4.3,416,(610) 754-0103,http://monroecountypa.com/directory/whitetail-disposal-inc,2690 Howertown Rd #1,"From drop off of the bins to weekly service, they are always great."
Trash valet garbage removal,Saylorsburg PA,Albanese Cleanouts & Container Service,4.4,14,(610) 381-6909,http://www.albanesecleanouts.com/service,523 Meixsell Valley Rd,Absolute best deal in the Poconos for a dumpster.
Trash valet garbage removal,Tannersville PA,"Debris Valet, LLC",5.0,1,(267) 377-7417,http://www.debrisvaletllc.com,24 hours   (267) 377-7417,
Trash valet garbage removal,Tannersville PA,Solid Rock Valet Trash Removal,,,(856) 294-8689,http://www.republicservices.com/locations/pennsylvania/tannersville-trash-pickup-and-recycling,24 hours   (856) 294-8689,
Trash valet garbage removal,Tannersville PA,Republic Services Allentown Recycling,1.9,92,(610) 432-7574,http://www.republicservices.com/locations/pennsylvania/allentown-trash-pickup-and-recycling,1200 N Irving St,
Trash valet garbage removal,Pocono Lake PA,National Waste Disposal Inc,5.0,6,(484) 408-7350,http://nwdisposal.com,488 Sullivan Trail,Great customer service and trash pick-up
Trash valet garbage removal,Camelback Resort Tannersville PA,"Quality Waste Services, LLC",,,(610) 349-6630,http://www.chamberofcommerce.com/business-directory/pennsylvania/riegelsville/garbage-collection-service/2030445933-quality-waste-services-llc,907 Edgewood Rd,
Trash valet garbage removal,Blue Mountain Ski Area Palmerton PA,Blue Mountain Resort,4.3,,(610) 826-7700,http://www.skibluemt.com,1660 Blue Mountain Dr,The garbage bins were clean and the campfires were nice and organized.
Trash valet garbage removal,Blue Mountain Ski Area Palmerton PA,Blue Dumpsters Inc,5.0,875,(215) 999-2583,http://www.bluedumpstersinc.com,750 Lumber St,Drop off and pick up of the dumpster were done in exactly the time promised.
Trash valet garbage removal,Resica Falls PA,"Reiss Hauling & Recycling, Inc.",2.8,44,(610) 346-7535,http://www.reisshauling.com,1154 Passer Rd,Unlike some of the other carriers that pick up trash.
Trash valet garbage removal,Hemlock Farms Hawley PA,Hemlock Farms Community Association Public Works,4.9,25,(570) 775-7559,http://www.hemlockfarms.org/public-works,10 AM   (570) 775-7559,
Trash valet garbage removal,Hemlock Farms Hawley PA,East Penn Sanitation Inc,3.5,60,(610) 759-6398,http://www.eastpennsanitation.com,4687 Hanoverville Road C,I have been using their services for many years.
Trash valet garbage removal,Pocono Ranch Lands East Stroudsburg PA,Pocono Ranchlands,4.3,97,(570) 828-2326,http://pikepa.net/pocono-ranch-lands,112 Ranchlands,"Good place to live, but HOA fees are growing every year."
Trash valet garbage removal,Indian Mountain Lake Lehighton PA,Anytime junk removal,5.0,93,(610) 570-8394,http://local.yahoo.com/info-213834473-anytime-junk-removal-lehighton/,24 hours   (610) 570-8394,"The day of removal he was prompt, quick, kind and professional."
Chimney sweep and fireplace service,Stroudsburg PA,Detrick's Chimney Services,4.5,43,(570) 402-0945,http://dschimneys.com,,Steve’s professionalism is first rate!
Chimney sweep and fireplace service,Stroudsburg PA,SAFE Chimney Service,4.8,85,(908) 736-6225,http://safechimneyservice.com,1530 Penn Forest Ln,Very good communication and the service was very thorough.
Chimney sweep and fireplace service,Stroudsburg PA,"ProSweep Chimney & Fireplace, LLC",4.8,183,(570) 431-9478,http://localmaidquotes.com,9 AM Mon   (570) 431-9478,"The chimney technician was very professional, courteous and knowledgeable."
Chimney sweep and fireplace service,Stroudsburg PA,"R&B Chimney Services, LLC",5.0,11,(570) 659-6605,http://randbchimney.com,204 Circle Dr,Our fireplace is working better than ever now thanks to R&B!
Chimney sweep and fireplace service,Stroudsburg PA,Integrity Chimney Service,4.9,689,(570) 215-8726,http://integritychimneyservice.com,376 Sawmill Rd,He worked clean and left our fireplace ready for use.
Chimney sweep and fireplace service,Stroudsburg PA,"ReviewSent (ChimCare Services East Stroudsburg, PA)",5.0,2,(570) 318-7566,http://www.chimcare.com,26 Independence Rd #5,
Chimney sweep and fireplace service,East Stroudsburg PA,falcon chimney services,,,(570) 242-0512,http://localmaidquotes.com,2447 Chipperfield Dr,
Chimney sweep and fireplace service,East Stroudsburg PA,"Doctor Chimney, LLC",3.1,17,(570) 273-0925,http://www.chamberofcommerce.com/business-directory/pennsylvania/east-stroudsburg/chimney-sweep/2011570668-doctor-chimney-llc,3 PM   (570) 273-0925,Him and his helper were able to fix the top of the chimney and swept it.
Chimney sweep and fireplace service,Mount Pocono PA,Spring Hill Chimney Service,4.5,48,(800) 731-7079,http://localmaidquotes.com,8 AM Mon   (800) 731-7079,
Chimney sweep and fireplace service,Jim Thorpe PA,Mauch Chunk Chimney Sweeps LLC,4.8,61,(570) 325-4240,http://www.allbiz.com/business/mauch-chunk-chimney-sweeps-llc-570-325-4240,4 White Ln,Did a nice job and left no mess behind.
Chimney sweep and fireplace service,Jim Thorpe PA,"Giovanni Woodstove cleaning and Chimney proper services in Lehighton, PA",5.0,2,(610) 200-1638,http://localmaidquotes.com,332 S 2nd St,Their very dependable when it comes in this kind of services.
Chimney sweep and fireplace service,Milford PA,"Ace Chimney, Fireplace & Outdoor Living Milford",5.0,1,(908) 650-6046,http://acechimneyfireplace.com,97 Crab Apple Hill Rd,
Chimney sweep and fireplace service,Milford PA,Jim Creegan - Certified Chimney Sweep,2.9,35,(800) 347-9337,http://www.jimcreeganchimneysweep.com,8 PM   (800) 347-9337,
Chimney sweep and fireplace service,Milford PA,Adonai Chimney Sweeps,4.8,21,(570) 491-2446,http://www.bestprosintown.com/pa/matamoras/adonai-chimney-sweeps-/,504 Ninth Street Ex,He came to look at my fireplace right away.
Chimney sweep and fireplace service,Milford PA,"American Chimney Sweeps & Masons, LLC",4.6,9,(570) 491-7432,http://americasbestchimney.net/pa/milford/,184 Tulip St,He has done many things from chimney repointing inside and out.
Chimney sweep and fireplace service,Hawley PA,Complete Chimney Service,5.0,60,(570) 282-9908,http://www.completechimney.net,147 T-505,
Chimney sweep and fireplace service,Tobyhanna PA,J&J chimney services,4.9,119,(570) 540-4755,http://autonomouswebsites.net/jnj2/,24 hours   (570) 540-4755,took great care of my chimney and cleaned everything before he left.
Chimney sweep and fireplace service,Honesdale PA,A1 AFFORDABLE CHIMNEY PENNSYLVANIA,4.9,69,(570) 282-2122,http://www.a-1chimney.com,1 AFFORDABLE CHIMNEY PENNSYLVANIA,"Super friendly guys, on time, clean efficient work, good prices."
Chimney sweep and fireplace service,Honesdale PA,The Fireplace Store,4.7,55,(570) 253-7358,http://www.chamberofcommerce.com/united-states/pennsylvania/honesdale/fireplace-store/2007137656-the-fireplace-store,96 Dunn Rd,
Chimney sweep and fireplace service,Honesdale PA,Woody's Fireplace Inc,4.4,68,(570) 253-9500,http://woodysfireplace.com,7 Woodys Pl,
Chimney sweep and fireplace service,Blakeslee PA,"D&S Chimney Sweep, LLC",4.7,39,(570) 402-0945,http://dschimneys.com,10 AM Mon   (570) 402-0945,"The job was done excellently — clean, professional, and at a fair price."
Chimney sweep and fireplace service,Blakeslee PA,"S & T Coombe, Inc",3.8,84,(570) 646-8254,http://stcoombe.com,179 PA-940,Did an outstanding job cleaning and keeping it operational.
Chimney sweep and fireplace service,Saylorsburg PA,keystone chimney,4.5,8,(215) 946-7821,http://www.findglocal.com/US/Saylorsburg/743278379164661/Keystone-Chimney,327 Shady Oaks Dr W,Jay came out to clean my mothers chimney and he was great and fairly priced
Chimney sweep and fireplace service,Saylorsburg PA,Clean Sweep,4.8,59,(610) 867-2631,http://www.cleansweep.ws,3218 Cherryville Rd,We highly recommend Clean Sweep for any chimney and fireplace needs.
Chimney sweep and fireplace service,Bartonsville PA,Lehigh Valley Chimney,4.8,324,(610) 224-9333,http://lehighvalleychimney.com,912 N Lumber St,They did 2 half a double chimney's and they did an excellent job.
Chimney sweep and fireplace service,Lake Wallenpaupack PA,Mike's Chimney Sweep & Repair,4.9,40,(570) 362-3551,http://www.homeadvisor.com/rated.Mikeschimneysweeprepair.134833598.html,9 AM Mon   (570) 362-3551,"... professional, knowledgeable, funny, personable and clean!"
Chimney sweep and fireplace service,Arrowhead Lake Albrightsville PA,United Home Services,4.5,109,(484) 661-6778,http://arrowheadlakepa.net,382 Long Lane Rd,"The service technician was professional, experienced and very considerate."
Chimney sweep and fireplace service,Bushkill Falls PA,"Fireplace and Chimney Professionals, LLC",5.0,257,(610) 847-2530,http://fcpros.com,4345 Durham Rd,
Chimney sweep and fireplace service,Bushkill Falls PA,"TA Chimney Inspection & Chimney Cleaning Services , PA",4.6,14,(610) 450-3379,http://localmaidquotes.com,3286 Easton Ave,"Booking was easy, and their chimney sweep prices were fair and competitive."
Chimney sweep and fireplace service,Shawnee on Delaware PA,Smokepipe Chimney Techs LLC,5.0,141,(267) 382-3188,http://smokepipechimney.com,117 Ridge Rd,
Chimney sweep and fireplace service,Blue Mountain Ski Area Palmerton PA,"SmokeyErase Experts Chimney & Fireplace Care in,",,,(610) 817-3508,http://www.dexknows.com/kutztown-pa/bp/blue-mountain-chimney-sweep-7148240,767 Franklin Ave,
Chimney sweep and fireplace service,Saw Creek Estates Bushkill PA,"""A"" Sweeping Beauty Chimney Professionals",5.0,1,(570) 422-6975,http://localmaidquotes.com,5 PM   (570) 422-6975,A A Have been using A Sweeping Beauty for several years now.
Chimney sweep and fireplace service,Hemlock Farms Hawley PA,Evergreen Chimney & Home Improvement,2.9,20,(570) 257-4635,http://www.localmint.com/us/evergreen-chimney-inc-hawley-hours-985105,10 AM Mon   (570) 257-4635,Did I mention I called today and he came today great ppl extremely 👍 nice.
Chimney sweep and fireplace service,Indian Mountain Lake Lehighton PA,Clean Sweep Chimney Service,4.9,276,(570) 677-6534,http://www.cleansweep.ws,10 Kelshaw St,
Septic pumping and inspection,Stroudsburg PA,De-Clog Plumbing Sewer-N-Drain,4.6,59,(570) 421-5525,http://www.chamberofcommerce.com/business-directory/pennsylvania/stroudsburg/plumber/2003444637-de-clog-plumbing-sewer-n-drain,12 AM   (570) 421-5525,They were cheaper than a lot of other places and fixed the problem fast.
Septic pumping and inspection,Stroudsburg PA,Jeff Singer Septic Service,4.6,11,(570) 236-8171,http://www.2findlocal.com/b/12884031/jeff-singer-septic-service-stroudsburg-pa,132 Sawmill Rd,Made an appointment to which he showed up promptly and did a great job.
Septic pumping and inspection,Stroudsburg PA,Allstate Septic Systems,4.4,16,(570) 421-1156,http://www.allstateseptic.com,12 AM   (570) 421-1156,I did so and it helped without needing the emergency pumping.
Septic pumping and inspection,Stroudsburg PA,"Eric Bell's Septic Systems, Inc.",4.1,30,(570) 476-4053,http://www.ericbellseptic.com,600 Sunset Rd,He came out after dark and got my system temporarily up and running again.
Septic pumping and inspection,Stroudsburg PA,Borger Septic Inc,4.8,298,(570) 992-7502,http://www.borgersepticservice.com,"1
Open 24 hours   (570) 992-7502","Borger Septic is professional, does excellent work, and is efficient."
Septic pumping and inspection,Stroudsburg PA,Rob Moore & Son Septic Service LLC,5.0,40,(570) 977-3533,http://mooresepticservice.com,24 hours   (570) 977-3533,These guys came out on a Sunday immediately.
Septic pumping and inspection,East Stroudsburg PA,"Eco American Pump & Plumbing, Inc.",3.6,40,(570) 588-2960,http://ecoamericanpumpinc.net,200 Airstrip Rd,
Septic pumping and inspection,Mount Pocono PA,Gotta Go Septic,4.1,115,(570) 894-8690,http://gottagopotties.com/septic-services/,205 PA-196,Driver explained what he was doing and how my tanks work .
Septic pumping and inspection,Mount Pocono PA,American Pump Service,4.9,341,(570) 236-3056,http://www.americanpumpservices.com,24 hours   (570) 236-3056,Showed up the next to inspect my septic and fixed it the following day.
Septic pumping and inspection,Mount Pocono PA,Ingrassia Excavating Inc. and Dumpster Rentals,4.9,37,(570) 656-1356,http://sourgum.com,174 Montanesca Rd,Everything was inspected and approved by the township inspector immediately.
Septic pumping and inspection,Jim Thorpe PA,George's Sewer & Drain Cleaning,4.6,31,(610) 377-1971,http://georgessewer.com,371 Knoll Dr,Marvin & his guy came out and was able to quickly diagnose the problem.
Septic pumping and inspection,Jim Thorpe PA,Kuhns Septic & Excavating,5.0,2,(610) 379-0410,http://kuhnssepticandexcavating.com,585 Elm St,
Septic pumping and inspection,Jim Thorpe PA,Blue Ridge Sanitary Services,3.9,7,(610) 703-7652,http://blueridgesanitary.com,8950 Reservoir Rd,
Septic pumping and inspection,Jim Thorpe PA,Barbosa Sewer and Drain,4.7,42,(610) 681-6264,http://barbosasepticservices.com/contact/,7490 Interchange Rd,The technician that serviced the septic was very nice and did a great job.
Septic pumping and inspection,Milford PA,"Tri-State Septic and Drain Cleaning, Pike County Excavating LLC",5.0,55,(570) 409-2298,http://www.tristatessepticandsewer.com/about,133 School House Dr,Helped me figure out and understand my septic system and issues.
Septic pumping and inspection,Milford PA,Septic Medic,4.2,36,(570) 828-7444,http://www.asepticmedic.com/service,123 Johnny Bee Rd,"They came very quickly, did everything professionally and efficiently."
Septic pumping and inspection,Milford PA,M&S Septic Services,4.2,67,(570) 491-2829,http://mssepticservices.com/ms-fav/,24 hours   (570) 491-2829,"Their crew is highly skilled and efficient, very pleasant."
Septic pumping and inspection,Milford PA,River Valley Septic,5.0,100,(610) 749-2001,http://www.rivervalleyseptic.com,504 Easton Rd,Easy to schedule the clean out and the technician was very knowledgeable.
Septic pumping and inspection,Milford PA,Cds Septic Services,5.0,8,(570) 491-5300,http://www.chamberofcommerce.com/united-states/pennsylvania/matamoras/septic-system-service/26721022-cds-septic-services,120 Berger Rd,For whatever septic problem may come your way Cliff is there!
Septic pumping and inspection,Milford PA,Royal Flush Septic Services,5.0,25,(570) 618-7548,http://www.bizapedia.com/pa/royal-flush-septic-services-llc.html,24 hours   (570) 618-7548,"His work was thorough, efficient, and his pricing was more than fair."
Septic pumping and inspection,Hawley PA,"Koberlein, A Wind River Company",4.9,658,(570) 671-2940,http://www.wrenvironmental.com/nepa-catskills-region/,188 Beach Lake Hwy,Mike Niper inspected our septic system and he was excellent.
Septic pumping and inspection,Hawley PA,"Fenkner Septic, A Wind River Company",4.7,14,(570) 799-9658,http://www.wrenvironmental.com/monroe-county/about-us/,132 Shiny Mountain Rd,Definitely will be using Fenkner Septic in the future.
Septic pumping and inspection,Hawley PA,Avalanche Septic Services LLC,4.5,125,(570) 795-7088,http://www.avalancheseptic.com,501 Hamlin Hwy Ste D,"The techs that came out were knowledgeable, professional and friendly."
Septic pumping and inspection,Hawley PA,Triple J Services,5.0,58,(845) 750-5222,http://triplejservices.tech,1319 Purdytown Turnpike,Prices are fair and work is pristine!!
Septic pumping and inspection,Hawley PA,ABS Septic,4.7,40,(570) 955-6698,http://abssepticpa.com,24 hours   (570) 955-6698,"ABS Septic is fast, reliable, affordable and honest..."
Septic pumping and inspection,Lehighton PA,Sell's Septic Service,3.3,14,(610) 767-0901,http://www.superpages.com/nationwide/bpp/sells-septic-service-560209491,1020 Woodland Dr,
Septic pumping and inspection,Lehighton PA,Amey's Clean Rite,4.6,9,(610) 767-4313,http://www.ameyscleanriteseptic.com,4447 W Mountain View Dr,
Septic pumping and inspection,Lehighton PA,Kratzer Septic Service,4.9,334,(610) 837-1291,http://kratzerseptic.com,30 AM Mon   (610) 837-1291,Tony was very professional and thoroughly explained my septic system to me.
Septic pumping and inspection,Lehighton PA,Biros Septic & Drain Cleaning,4.6,10,(570) 668-4703,http://www.birosseptic.com,,
Septic pumping and inspection,Honesdale PA,J. Schwartz Septic Services Inc,5.0,36,(570) 470-2327,http://www.schwartzseptic.com,24 hours   (570) 470-2327,"... showed up early, did a thorough inspection and emptied our septic."
Septic pumping and inspection,Honesdale PA,Butlers Septic Services,4.1,49,(570) 689-2952,http://www.septic.com/septic-services/pennsylvania/jefferson-township/butlers-septic-services/,100 Homers Pl,... out on a weekend during a rain storm to evaluate our septic issue.
Septic pumping and inspection,Blakeslee PA,"Magnus Mechanical Well, Grinder & Septic Service",5.0,346,(570) 664-0747,http://www.magnus-mechanical.com,2855 Allegheny Dr,They came and assessed the issues with our well.
Septic pumping and inspection,Blakeslee PA,"Extreme Home Services, LLC",5.0,12,(570) 578-7049,http://www.extreme-homeservices.com,4 Sunshine Dr,"They did everything I asked, and quickly found the leak and fixed it."
Septic pumping and inspection,Lake Ariel PA,William Elston Septic Tanks,4.3,17,(570) 689-2203,http://septictankpro.com/business/elston-william-septic-tanks-pa-26018103/,481 Cortez Rd,
Septic pumping and inspection,Saylorsburg PA,Ecke Septic Service,4.4,8,(570) 992-8265,http://www.superpages.com/saylorsburg-pa/bpp/ecke-septic-service-535603330,108 Ecke Ln,
Septic pumping and inspection,Bushkill Falls PA,Superior Septic,4.8,22,(908) 387-0333,http://www.superior-septic.net,12 Fox Farm Rd,
Septic pumping and inspection,Shawnee on Delaware PA,"Delaware Valley Septic, Sewer & Storm",4.9,431,(610) 471-4770,http://www.delvalseptics.com,504 Eagle Rd Ste B,Jim came out yesterday and did an inspection on my septic system.
Septic pumping and inspection,Resica Falls PA,Septix,4.9,75,(610) 703-2634,http://septix.com,455 Texas Rd,
Septic pumping and inspection,Pocono Ranch Lands East Stroudsburg PA,Pocono Well & Pump Service,4.6,101,(570) 243-1679,http://poconowellandpump.com,2511 Clearview Ave,"The guys were knowledgeable, efficient and did a great job."
Septic pumping and inspection,Hideout Lake Ariel PA,Sonlight Services LLC,5.0,,(717) 936-9248,http://sonlightservices.com,54 Midway Rd,Would recommend this company for septic cleanout and inspection
Septic pumping and inspection,Hideout Lake Ariel PA,D&R Septic Service,5.0,11,(973) 390-6763,http://drsepticservices.com,7 AM Mon   (973) 390-6763,The next day they came out pumped my septic.
Window cleaning and power washing,Stroudsburg PA,Ed's Pressure Washing,4.7,104,(570) 977-5022,http://www.edspressurewashing.com,6071 Cherry Valley Rd,They do excellent work and the nicest people too meet!!!
Window cleaning and power washing,Stroudsburg PA,Nui's Power Wash,5.0,61,(570) 242-5288,http://nuispowerwash.com,2115 White Oaks Terrace,
Window cleaning and power washing,Stroudsburg PA,Window Genie of Poconos,4.9,204,(570) 203-1021,http://www.windowgenie.com/locations/pennsylvania/poconos/contact-us/,24 hours   (570) 203-1021,I’m extremely happy with the power washing and window cleaning.
Window cleaning and power washing,Stroudsburg PA,East Stroudsburg Power Washing and Roof Washing,5.0,5,(570) 426-0327,http://www.poconoroofclean.com/about-us,8 AM Mon   (570) 426-0327,
Window cleaning and power washing,Stroudsburg PA,Capps Power Washing,5.0,42,(908) 848-7133,http://cappspowerwashing.com/stroudsburg-pa/,24 hours   (908) 848-7133,
Window cleaning and power washing,Stroudsburg PA,Wash,5.0,210,(484) 246-8567,http://www.stroudsburgboro.com/sbpa/,610 S 14th St,I recommend this company for power washing and window cleaning.
Window cleaning and power washing,East Stroudsburg PA,GreenGo Property Services,5.0,36,(570) 994-5884,http://www.greengoproservice.com,4415 Woodside Dr,I highly recommend Eric for any power washing and roof cleaning needs.
Window cleaning and power washing,Mount Pocono PA,Soft Wash Exteriors of Pocono Lake,5.0,51,(570) 599-1877,http://www.softwashpoconos.com,173 Tommy's Ln,
Window cleaning and power washing,Mount Pocono PA,Mist A Spot! Pressure Washing!,5.0,36,(570) 534-0488,http://www.mistaspotpressurewashing.com,24 hours   (570) 534-0488,House looks like NEW.
Window cleaning and power washing,Jim Thorpe PA,Exterior Cleaning Pros,5.0,65,(570) 952-4668,http://www.exteriorcleaningpros.com,44 Wertman Rd,I highly recommend him for your exterior cleaning needs.
Window cleaning and power washing,Milford PA,HydroBrite Power Washing & Exterior Cleaning,5.0,165,(215) 444-3531,http://hydrobritepa.com,24 hours   (215) 444-3531,"Not only was the power washing done well, the customer service is excellent!"
Window cleaning and power washing,Milford PA,Refresh Power Washing,4.8,94,(484) 892-9831,http://refreshwashingpa.com,284 Nazareth Pike,The team did an amazing job power washing the exterior of our home.
Window cleaning and power washing,Milford PA,A&M Spotless,4.9,46,(484) 255-4478,http://www.amspotless.com/near-me,1720 Callone Ave,Very reliable and efficient power wash company.
Window cleaning and power washing,Milford PA,"Dapper Home Services, LLC",5.0,123,(908) 590-6795,http://dapperwash.com,8 AM Mon   (908) 590-6795,"Highly recommend for a top-quality, friendly power washing experience!"
Window cleaning and power washing,Milford PA,"Malone's Cleaning Services, LLC",4.9,174,(484) 519-0181,http://www.malonescleaning.com,8 AM Mon   (484) 519-0181,"I had the house power washed, outside windows cleaned and gutters cleaned."
Window cleaning and power washing,Hawley PA,R&R Pressure Washing & Painting,5.0,78,(570) 390-0480,http://www.rrpw.org,30 AM Mon   (570) 390-0480,Nick and Trevor showed up early and did a great job cleaning my house!!
Window cleaning and power washing,Hawley PA,Dan Wagner Window Cleaning,5.0,187,(570) 630-0326,http://danwagnerwindowcleaning.com/service-area/hawley-pa/,8 AM Mon   (570) 630-0326,The window cleaning was done very well and completed expeditiously.
Window cleaning and power washing,Hawley PA,Wash Me Power Washing,5.0,27,(570) 766-1812,http://www.washmenepa.com,8 AM Mon   (570) 766-1812,
Window cleaning and power washing,Hawley PA,Pro Clean Services NEPA,5.0,16,(570) 470-4330,http://www.procleanservicesnepa.com/about,24 hours   (570) 470-4330,They did excellent work and cleaning our windows.
Window cleaning and power washing,Tobyhanna PA,Pocono Window Cleaning LLC,5.0,7,(570) 362-4565,http://www.findglocal.com/US/Greentown/599249466611665/Pocono-Window-Cleaning-LLC,100 Brookview Ln,"They cleaned all the screens, sills, windows and even skylights!"
Window cleaning and power washing,Lehighton PA,Great Dane Power Wash,5.0,417,(570) 778-9781,http://www.chamberofcommerce.com/business-directory/pennsylvania/tamaqua/pressure-washing-service/2017172691-great-dane-power-wash,345 E Elm St,
Window cleaning and power washing,Lehighton PA,Mister Kleen Window Cleaning,5.0,3,(610) 216-6946,http://www.misterkleen.com/window-cleaning-is-a-specialty-service-that-must-be-done-correctly/,3255 Horseshoe Rd,
Window cleaning and power washing,Lehighton PA,Lux pane window cleaning,5.0,1,(929) 742-4178,http://www.luxpanewindowcleaning.com,9 AM Mon   (929) 742-4178,Lux pane window cleaners did an outstanding job!
Window cleaning and power washing,Blakeslee PA,Wet Windows LLc,5.0,142,(570) 235-8528,http://www.wetwindowsguy.com,184 Wilkes Barre Township Blvd,
Window cleaning and power washing,Blakeslee PA,Summit Soft Wash,5.0,103,(570) 243-9116,http://www.summitsoftwashpa.com,91 Patriot Cir,My house looks brand new after the pressure washing.
Window cleaning and power washing,Blakeslee PA,ProClean Pressure Washing,5.0,143,(484) 793-3554,http://procleanpw.com,24 hours   (484) 793-3554,
Window cleaning and power washing,Lake Wallenpaupack PA,Mighty Clean House Wash,5.0,289,(570) 430-0039,http://mightycleanhousewash.com,7 AM Mon   (570) 430-0039,My house looks like a brand new after Mighty Clean House Wash.
Window cleaning and power washing,Lake Wallenpaupack PA,Coligan Window Cleaning,5.0,42,(570) 229-3610,http://coliganwindowcleaning.com,6 AM Mon   (570) 229-3610,The window cleaning and power washing came out amazing.
Window cleaning and power washing,Arrowhead Lake Albrightsville PA,UpRight Power Washing LLC,5.0,22,(570) 534-1161,http://powerwashmaps.com/pressure-washing-services/upright-power-washing-llc,24 hours   (570) 534-1161,Windows and entire exterior are so clean and sparkling!
Window cleaning and power washing,Arrowhead Lake Albrightsville PA,Doyle's Professional Services LLC,5.0,24,(570) 230-4206,http://doyleproservice.com,3620 Blytheburn Rd,"Professional, courteous, priced reasonably, showed up on time,cleaned up"
Window cleaning and power washing,Bushkill Falls PA,Cleber's Window Cleaning,5.0,5,(908) 482-2492,http://www.bbb.org/us/pa/bushkill/category/window-cleaning,277 Washington St,He was on time and on point with being neat and efficient.
Window cleaning and power washing,Bushkill Falls PA,Above and Beyond Cleaning & Restoration LLC,4.9,73,(908) 343-7005,http://www.aboveandbeyondcleanllc.com,8 AM Mon   (908) 343-7005,
Window cleaning and power washing,Shawnee on Delaware PA,Total Power Wash,5.0,213,(302) 306-9632,http://totalpowerwash.com,24 hours   (302) 306-9632,... Power Wash did an excellent job on my home...porch and windows!
Window cleaning and power washing,Shawnee on Delaware PA,Pressure Brothers,5.0,506,(610) 417-7335,http://www.pressurebrothers.com/contact-us,8 AM Mon   (610) 417-7335,They also use a 2 step cleaning process and not just power washing.
Window cleaning and power washing,Camelback Resort Tannersville PA,Cal Shine Window Cleaning and Pressure Washing,5.0,82,(215) 779-5811,http://calshine.us,4895 Hansell Rd,They left my windows spotless and very clean compared to what they were.
Window cleaning and power washing,Resica Falls PA,"A&S Power Washing, LLC",5.0,49,(484) 903-3216,http://www.aspowerwash.com,8 AM Mon   (484) 903-3216,
Window cleaning and power washing,Saw Creek Estates Bushkill PA,ShineWise Pressure Washing,5.0,4,(570) 977-8023,http://sawcreek.org/rules-and-regulations/,9 AM Mon   (570) 977-8023,"Used them to clean up the outside of our shop, highly recommend"
Window cleaning and power washing,Hemlock Farms Hawley PA,Regenski's Pressure Washing,5.0,38,(570) 390-9080,http://www.hemlockfarms.org,8 AM Mon   (570) 390-9080,"His work was quick, efficient, and extremely effective and affordable."
Property Management and Co-Hosting,Stroudsburg PA,Forteca Estate,4.9,41,(347) 556-0089,http://www.fortecaestate.com,814 Monroe St #205,Great service and excellent choice of add on to the cabins.
Property Management and Co-Hosting,Stroudsburg PA,Pocono Lodging Co.,5.0,15,(425) 406-0123,http://www.poconolodging.co/rentals,1460 Waterfront Dr,"Hosts are incredible, great communication and helpful with all of our needs."
Property Management and Co-Hosting,Stroudsburg PA,D-N-A Property Management Co.,4.3,206,(570) 424-8131,http://www.dnaprop.com,2818 PA-611,The site they use is easy and they are always around to help!
Property Management and Co-Hosting,Stroudsburg PA,Bulldog Realty and Property Management,5.0,56,(570) 872-9272,http://www.bulldog-realty.com,109 Clubhouse Ct,The property is exactly what I need for my small family and pets.
Property Management and Co-Hosting,Stroudsburg PA,FirstService Residential Stroudsburg,4.0,28,(570) 842-0321,http://www.fsresidential.com/pennsylvania/offices/east-stroudsburg-property-management/,106 Columbia Dr Ste 3,The management has far exceeded my expectations.
Property Management and Co-Hosting,Stroudsburg PA,Ideal Property Management,4.7,6,(570) 213-9022,http://idealpm.com,70 Arrowwood Rd,Danielle did an outstanding job managing our property.
Property Management and Co-Hosting,Mount Pocono PA,Poconos Vacation Rental Management by Hyatus Stays,4.9,27,(201) 701-3713,http://www.hyatus.com/vacation-rental-management/pocono-mountains-pennsylvania,3169 Spruce Cabin Rd Mountainhome,The host was friendly and responsive.
Property Management and Co-Hosting,Mount Pocono PA,Pocono STR Management,5.0,1,(570) 213-1590,http://www.poconostrmanagement.com/faq-s,214 Annette Marie Dr,
Property Management and Co-Hosting,Mount Pocono PA,VR Pocono,5.0,15,(570) 972-0022,http://mountpocono-pa.gov,222 Tepee Dr,"Love it, great communication with management and beautiful place!"
Property Management and Co-Hosting,Mount Pocono PA,Pocono Property Management,5.0,4,(570) 478-1434,http://pmpocono.com,5626 PA-115,
Property Management and Co-Hosting,Mount Pocono PA,Pocono Rentals & Management,4.8,56,(570) 243-0243,http://www.poconorentalmanagement.com,248 PA-940 Ste 97,
Property Management and Co-Hosting,Jim Thorpe PA,"Golden Door Property Management, LLC",5.0,1,(855) 437-3687,http://www.goldendoorpm.com,1018 Interchange Rd,
Property Management and Co-Hosting,Jim Thorpe PA,Black Rock Property Management LLC,3.9,78,(570) 203-1685,http://blackrockpa.com,1001 Industrial Rd,One of the best property management companies I've ever rented from!
Property Management and Co-Hosting,Jim Thorpe PA,Pocono Mountain Rentals,4.8,307,(215) 489-3206,http://www.poconomountainrentals.com,264 Lake Harmony Rd,"Very easy to work with , great amenities and homes & prompt follow up"
Property Management and Co-Hosting,Jim Thorpe PA,Wander Home,4.8,420,(267) 921-1787,http://www.wander.com/pennsylvania/jim-thorpe,24 hours   (267) 921-1787,Wander is a great service for both the host and people that are renting.
Property Management and Co-Hosting,Hawley PA,Masthope Mountain Community Property Management,3.6,20,(570) 685-4790,http://masthope.org/resources/,196 Karl Hope Blvd,"Pros:
Location
Amenities."
Property Management and Co-Hosting,Lehighton PA,Epic Property Management,4.5,2,(610) 760-0600,http://epicpropertymanagementpa.com,4531 Lehigh Dr Ste. 7,
Property Management and Co-Hosting,Lehighton PA,Castle Gate Realty Lehighton,5.0,110,(610) 379-3524,http://www.castleconfident.com,238 N 1st St,
Property Management and Co-Hosting,Honesdale PA,Rentals NEPA LLC,5.0,2,(570) 470-5486,http://www.rentalsnepa.com,1225 Main St,
Property Management and Co-Hosting,Honesdale PA,Jeremy Watson - Real Estate Agent - SIX PM LLC,4.8,20,(570) 352-5162,http://thesixpm.com,801 Court St,"Working with Jeremy on our second house, and they both sold within a week."
Property Management and Co-Hosting,Honesdale PA,CG's Vacation Rental Property Management,,,(570) 390-0874,http://cgsvacationrentals.com,513 Easton Turnpike,
Property Management and Co-Hosting,Saylorsburg PA,Cozy Nests Properties,4.6,11,(570) 517-9972,http://www.findglocal.com/US/Unknown/105895655807612/Cozy-Nests-Properties,,Our property is well taken care of and our guests are very happy.
Property Management and Co-Hosting,Albrightsville PA,Galvanized Property Management,4.4,26,(570) 972-9588,http://www.galvanizedmanagement.com,3856 PA-903,"... mean property management, property improvements and real estate."
Property Management and Co-Hosting,Lake Wallenpaupack PA,Lake Wallenpaupack Airbnb Cabin,5.0,11,(610) 533-6886,http://hometogo.com,892 PA-507,"Comfortable bed, excellent backyard, and lake views."
Property Management and Co-Hosting,Bushkill Falls PA,Pocono Airbnb Management,5.0,2,(570) 209-8385,http://www.airbnb.com/rooms/1229063708283824638,24 hours   (570) 209-8385,
Property Management and Co-Hosting,Camelback Resort Tannersville PA,Camelback Vacation Rental,5.0,3,(718) 887-6397,http://www.camelbackresort.com,456 Maple Ct,It is located down the road from camelback which is only a 3 min drive.
Property Management and Co-Hosting,Camelback Resort Tannersville PA,The Village at Camelback,4.3,77,(570) 629-5433,http://villageatcamelback.connectresident.com,601 Camelback Rd,"... miles to the north from the top, and right on Camelback Mountain."
Property Management and Co-Hosting,Camelback Resort Tannersville PA,OLB Properties LLC,5.0,16,(631) 487-6631,http://olb-properties.com,112 Cross Country Ln,"Host is very responsive, highly recommended"
Property Management and Co-Hosting,Camelback Resort Tannersville PA,The Condo at Camelback,,,(570) 243-9843,http://www.camelbackresort.com/condos,337 Poplar Ct,
Property Management and Co-Hosting,Blue Mountain Ski Area Palmerton PA,Blue Mountain Vacation Home,,,,http://www.skibluemt.com,2110 Little Gap Rd,
Property Management and Co-Hosting,Blue Mountain Ski Area Palmerton PA,Blue Mountain Vacation Home by Palmerton 46 Acres Hiking Trails Pickleball Court,5.0,472,,http://www.vrbo.com/1762782,46 Acres Hiking Trails Pickleball Court,
Property Management and Co-Hosting,Blue Mountain Ski Area Palmerton PA,All County Lehigh Valley Property Management,4.9,56,(484) 261-6800,http://allcountyprop.com/locations/pennsylvania/bethlehem/,85 E Broad St Ste A,
Property Management and Co-Hosting,Resica Falls PA,Private property,4.7,6,,http://resicafalls.org,1200 Resica Falls Rd,
Property Management and Co-Hosting,Marshalls Creek PA,Marshalls Creek Extended Stay,3.8,4,(570) 872-9272,http://www.airbnb.com/marshalls-creek-pa/stays/monthly,2309 Milford Rd,Great property for extended stays!
Property Management and Co-Hosting,Saw Creek Estates Bushkill PA,Saw Creek Estates Community Association,4.2,340,(570) 588-9329,http://sawcreek.org,5728 Decker Rd,"Love living here, good people, staff and management team"
Property Management and Co-Hosting,Saw Creek Estates Bushkill PA,Saw Creek Real Estate,4.7,75,(570) 588-8001,http://sawcreek.org/real-estate-for-sale/,5310 Winona Falls Rd #102,Saw Creek Real Estate was very helpful and informative.
Property Management and Co-Hosting,Saw Creek Estates Bushkill PA,Saw Creek Property,4.7,6,(570) 588-6946,http://sawcreek.org/real-estate-for-sale/,,
Property Management and Co-Hosting,Saw Creek Estates Bushkill PA,Saw Creek Estates Main Gate,3.9,32,(570) 588-5151,http://sawcreek.org/gates/,9 AM   (570) 588-5151,This is the gate to a gated community.
Property Management and Co-Hosting,Tanglwood Lakes Greentown PA,Lakeside Home Rentals,4.0,1,(570) 698-7707,http://anchorsandacres.com/lake-communities/tanglewood-lakes/,100 Apple Dr,
Property Management and Co-Hosting,Tanglwood Lakes Greentown PA,Century 21 Country Lake Homes,4.5,8,(570) 676-4900,http://www.c21poconos.com/tanglwood-lakes-real-estate/,21 Country Lake Homes,They are helping me find a rental.
Property Management and Co-Hosting,Tanglwood Lakes Greentown PA,Green Road Property Management,,,(570) 676-6855,http://greenroadpropertymanagement.com/contact/,1361 PA-507 unit 4,
Property Management and Co-Hosting,Tanglwood Lakes Greentown PA,Lakehouse Property Management,4.1,7,(484) 334-4773,http://anchorsandacres.com/lake-communities/tanglewood-lakes/,8 AM   (484) 334-4773,
Property Management and Co-Hosting,Hemlock Farms Hawley PA,Hemlock Farms MAIN ENTRANCE,4.1,79,(570) 775-4200,http://www.hemlockfarms.org,1007 Hemlock Farms Rd,"Close to the highway, active bears within the community and other wildlife."
Property Management and Co-Hosting,Hemlock Farms Hawley PA,Hemlock Farms Community Association,4.4,98,(570) 775-4200,http://www.hemlockfarms.org,119 Lookout Dr,
Property Management and Co-Hosting,Hemlock Farms Hawley PA,Hemlock Farms Real Estate,,,(570) 234-4055,http://www.hemlockfarms.org,631 PA-739,
Property Management and Co-Hosting,Hemlock Farms Hawley PA,Hemlock Farms Steer Barn Clubhouse,4.6,196,(570) 775-6034,http://www.hemlockfarms.org/steerbarn-clubhouse,101 Basswood Dr,I love everything about Hemlock Farms.
Property Management and Co-Hosting,Pocono Ranch Lands East Stroudsburg PA,NEPA Management Associates Inc,3.1,14,(570) 421-5409,http://www.nepamgmt.com,7164 US-209 BUS,
Property Management and Co-Hosting,Hideout Lake Ariel PA,Property in the Hideout,,,,http://www.hideoutassoc.com,2513 Oak Cir,
Property Management and Co-Hosting,Hideout Lake Ariel PA,Hideout Property Owners Association,4.3,65,(570) 698-4100,http://www.hideoutassoc.com,"640
Closed   Opens 8 AM Tue   (570) 698-4100",The Properties are a great buy for the price .
Property Management and Co-Hosting,Hideout Lake Ariel PA,Hideout Pocono Chalet,5.0,20,(570) 397-0557,http://hideoutpoconochalet.hotels-pennsylvania.com/en/,"1682 The Hideout, 2607 Boulder Ct",The owner and host is most accommodating and very responsive.
Property Management and Co-Hosting,Hideout Lake Ariel PA,The Woodhill Hideout,5.0,2,,http://thewoodhillhideout.com,,
Property Management and Co-Hosting,Hideout Lake Ariel PA,Hideout,,,,http://www.hideoutassoc.com,3427 Laurel Pt,
Property Management and Co-Hosting,Indian Mountain Lake Lehighton PA,Indian Mountain Lake Civic Association,4.0,130,(570) 646-1600,http://www.indianmountainlake.com,95 Highridge Rd,Neighbors are mostly great!
Property Management and Co-Hosting,Indian Mountain Lake Lehighton PA,Lake View Lodge Vacation Rental,4.9,16,(973) 216-0864,http://lakeviewlodge.zeevou.direct,5320 Pohopoco Dr,
Property Management and Co-Hosting,Indian Mountain Lake Lehighton PA,"Pocono Pride Rental Property Management, LLC",5.0,9,(570) 436-8510,http://www.bizapedia.com/pa/pocono-pride-rental-property-management-llc.html,8 PM   (570) 436-8510,Guests constantly compliment the cleanliness of the home.
